{
  "ingredient": { "type": "item", "code": "game:ingot-*", "name": "metal", "allowedVariants": ["copper", "tinbronze", "bismuthbronze", "blackbronze", "silver", "stainlesssteel"] },
  "pattern": [[
    "#######",
    "#######",
    "#######",
    "#######",
    "#######",
    "#######",
    "#######"
  ],
    [
      "#######",
      "#_____#",
      "#_____#",
      "#_____#",
      "#_____#",
      "#_____#",
      "#######"
    ],
    [
      "#######",
      "#_____#",
      "#_____#",
      "#_____#",
      "#_____#",
      "#_____#",
      "#######"
    ],
    [
      "#######",
      "#_____#",
      "#_____#",
      "#_____#",
      "#_____#",
      "#_____#",
      "#######"
    ],
    [
      "#######",
      "#_____#",
      "#_____#",
      "#_____#",
      "#_____#",
      "#_____#",
      "#######"
    ],
    [
      "_______",
      "_#####_",
      "_#___#_",
      "_#___#_",
      "_#___#_",
      "_#####_",
      "_______"
    ]],
  "name": "Kettle",
  "output": { "type": "block", "code": "balancedthirst:kettle-{metal}"  }
}