[
  {
    "op": "add",
    "path": "/attributes/btHax",
    "value": {"shapebytype": {}, "guiTransformByType": {}, "fpHandTransformByType": {}, "tpHandTransformByType": {}, "groundTransformByType": {}},
    "side": "Server",
    "file": "expandedfoods:itemtypes/food/mixing/breadedvegetable.json",
    "dependsOn": [ { "modid": "expandedfoods" } ]
  },
  {
    "op": "addeach",
    "path": "/variantgroups/1/states/-",
    "value": ["calabash", "pickledcalabash"],
    "side": "Server",
    "file": "expandedfoods:itemtypes/food/mixing/breadedvegetable.json",
    "dependsOn": [ { "modid": "expandedfoods" } ]
  },
  {
    "op": "addmerge",
    "path": "/attributes/renderIngredientsByType/*",
    "value": {
      "balancedthirst:vegetable-gourdpumpkin": "balancedthirst:shapes/item/vegetable/strips.json"
    },
    "side": "Server",
    "file": "expandedfoods:itemtypes/food/mixing/breadedvegetable.json",
    "dependsOn": [ { "modid": "expandedfoods" } ]
  },
  {
    "op": "addmerge",
    "path": "/attributes/renderIngredientsByType/*",
    "value": {
      "balancedthirst:pickledvegetable-gourdpumpkin": "balancedthirst:shapes/item/vegetable/strips.json"
    },
    "side": "Server",
    "file": "expandedfoods:itemtypes/food/mixing/breadedvegetable.json",
    "dependsOn": [ { "modid": "expandedfoods" } ]
  },
  {
    "op": "move",
    "frompath": "/shapebytype/*",
    "path": "/attributes/btHax/shapebytype/*",
    "side": "Server",
    "file": "expandedfoods:itemtypes/food/mixing/breadedvegetable.json",
    "dependsOn": [ { "modid": "expandedfoods" } ]
  },
  {
    "op": "addmerge",
    "path": "/shapebytype/*-calabash-*",
    "value": { "base": "balancedthirst:item/vegetable/strips" },
    "side": "Server",
    "file": "expandedfoods:itemtypes/food/mixing/breadedvegetable.json",
    "dependsOn": [ { "modid": "expandedfoods" } ]
  },
  {
    "op": "addmerge",
    "path": "/shapebytype/*-pickledcalabash-*",
    "value": { "base": "balancedthirst:item/vegetable/strips" },
    "side": "Server",
    "file": "expandedfoods:itemtypes/food/mixing/breadedvegetable.json",
    "dependsOn": [ { "modid": "expandedfoods" } ]
  },
  {
    "op": "move",
    "frompath": "/attributes/btHax/shapebytype/*",
    "path": "/shapebytype/*",
    "side": "Server",
    "file": "expandedfoods:itemtypes/food/mixing/breadedvegetable.json",
    "dependsOn": [ { "modid": "expandedfoods" } ]
  },
  {
    "op": "addmerge",
    "path": "/texturesByType/*-syruppartbaked",
    "value": {
      "calabash": { "base": "expandedfoods:item/food/grain/breading/{type}-fish" }
    },
    "side": "Server",
    "file": "expandedfoods:itemtypes/food/mixing/breadedvegetable.json",
    "dependsOn": [{ "modid": "expandedfoods" }]
  },
  {
    "op": "addmerge",
    "path": "/texturesByType/*-syrupv",
    "value": {
      "calabash": { "base": "expandedfoods:item/food/grain/breading/{type}-fish" }
    },
    "side": "Server",
    "file": "expandedfoods:itemtypes/food/mixing/breadedvegetable.json",
    "dependsOn": [{ "modid": "expandedfoods" }]
  },
  {
    "op": "addmerge",
    "path": "/texturesByType/*-syrupcharred",
    "value": {
      "calabash": { "base": "expandedfoods:item/food/grain/breading/{type}-fish" }
    },
    "side": "Server",
    "file": "expandedfoods:itemtypes/food/mixing/breadedvegetable.json",
    "dependsOn": [{ "modid": "expandedfoods" }]
  },
  {
    "op": "addmerge",
    "path": "/texturesByType/*-partbaked",
    "value": {
      "calabash": { "base": "expandedfoods:item/food/grain/breading/{type}-partbaked" }
    },
    "side": "Server",
    "file": "expandedfoods:itemtypes/food/mixing/breadedvegetable.json",
    "dependsOn": [{ "modid": "expandedfoods" }]
  },
  {
    "op": "addmerge",
    "path": "/texturesByType/*-cooked",
    "value": {
      "calabash": { "base": "expandedfoods:item/food/grain/breading/{type}-cooked" }
    },
    "side": "Server",
    "file": "expandedfoods:itemtypes/food/mixing/breadedvegetable.json",
    "dependsOn": [{ "modid": "expandedfoods" }]
  },
  {
    "op": "addmerge",
    "path": "/texturesByType/*-charred",
    "value": {
      "calabash": { "base": "expandedfoods:item/food/grain/breading/{type}-charred" }
    },
    "side": "Server",
    "file": "expandedfoods:itemtypes/food/mixing/breadedvegetable.json",
    "dependsOn": [{ "modid": "expandedfoods" }]
  },
  {
    "op": "addmerge",
    "path": "/texturesByType/*-oiled",
    "value": {
      "calabash": { "base": "expandedfoods:item/food/grain/breading/{type}-oiled" }
    },
    "side": "Server",
    "file": "expandedfoods:itemtypes/food/mixing/breadedvegetable.json",
    "dependsOn": [{ "modid": "expandedfoods" }]
  },
  {
    "op": "addmerge",
    "path": "/texturesByType/*-raw",
    "value": {
      "calabash": { "base": "expandedfoods:item/food/grain/breading/{type}-raw" }
    },
    "side": "Server",
    "file": "expandedfoods:itemtypes/food/mixing/breadedvegetable.json",
    "dependsOn": [{ "modid": "expandedfoods" }]
  },
  {
    "op": "move",
    "frompath": "/guiTransformByType/*",
    "path": "/attributes/btHax/guiTransformByType/*",
    "side": "Server",
    "file": "expandedfoods:itemtypes/food/mixing/breadedvegetable.json",
    "dependsOn": [ { "modid": "expandedfoods" } ]
  },
  {
    "op": "move",
    "frompath": "/guiTransformByType/*-syrupcharred",
    "path": "/attributes/btHax/guiTransformByType/*-syrupcharred",
    "side": "Server",
    "file": "expandedfoods:itemtypes/food/mixing/breadedvegetable.json",
    "dependsOn": [ { "modid": "expandedfoods" } ]
  },
  {
    "op": "move",
    "frompath": "/guiTransformByType/*-syrupv",
    "path": "/attributes/btHax/guiTransformByType/*-syrupv",
    "side": "Server",
    "file": "expandedfoods:itemtypes/food/mixing/breadedvegetable.json",
    "dependsOn": [ { "modid": "expandedfoods" } ]
  },
  {
    "op": "move",
    "frompath": "/guiTransformByType/*-syruppartbaked",
    "path": "/attributes/btHax/guiTransformByType/*-syruppartbaked",
    "side": "Server",
    "file": "expandedfoods:itemtypes/food/mixing/breadedvegetable.json",
    "dependsOn": [ { "modid": "expandedfoods" } ]
  },
  {
    "op": "move",
    "frompath": "/guiTransformByType/*-charred",
    "path": "/attributes/btHax/guiTransformByType/*-charred",
    "side": "Server",
    "file": "expandedfoods:itemtypes/food/mixing/breadedvegetable.json",
    "dependsOn": [ { "modid": "expandedfoods" } ]
  },
  {
    "op": "move",
    "frompath": "/guiTransformByType/*-cooked",
    "path": "/attributes/btHax/guiTransformByType/*-cooked",
    "side": "Server",
    "file": "expandedfoods:itemtypes/food/mixing/breadedvegetable.json",
    "dependsOn": [ { "modid": "expandedfoods" } ]
  },
  {
    "op": "move",
    "frompath": "/guiTransformByType/*-partbaked",
    "path": "/attributes/btHax/guiTransformByType/*-partbaked",
    "side": "Server",
    "file": "expandedfoods:itemtypes/food/mixing/breadedvegetable.json",
    "dependsOn": [ { "modid": "expandedfoods" } ]
  },
  {
    "op": "addmerge",
    "path": "/guiTransformByType",
    "value": {
      "*-calabash-*": {
		"translation": { "x": 4, "y": 2, "z": 0 },
		"rotation": { "x": 42, "y": 39, "z": -8 },
		"origin": { "x": 1, "y": 0, "z": 1 },
		"scaleXyz": { "x": -2.17, "y": 2.17, "z": 2.17 }
      },
      "*-pickledcalabash-*": {
		"translation": { "x": 4, "y": 2, "z": 0 },
		"rotation": { "x": 42, "y": 39, "z": -8 },
		"origin": { "x": 1, "y": 0, "z": 1 },
		"scaleXyz": { "x": -2.17, "y": 2.17, "z": 2.17 }
      }
    },
    "side": "Server",
    "file": "expandedfoods:itemtypes/food/mixing/breadedvegetable.json",
    "dependsOn": [{ "modid": "expandedfoods" }]
  },
  {
    "op": "move",
    "frompath": "/attributes/btHax/guiTransformByType/*-partbaked",
    "path": "/guiTransformByType/*-partbaked",
    "side": "Server",
    "file": "expandedfoods:itemtypes/food/mixing/breadedvegetable.json",
    "dependsOn": [ { "modid": "expandedfoods" } ]
  },
  {
    "op": "move",
    "frompath": "/attributes/btHax/guiTransformByType/*-cooked",
    "path": "/guiTransformByType/*-cooked",
    "side": "Server",
    "file": "expandedfoods:itemtypes/food/mixing/breadedvegetable.json",
    "dependsOn": [ { "modid": "expandedfoods" } ]
  },
  {
    "op": "move",
    "frompath": "/attributes/btHax/guiTransformByType/*-charred",
    "path": "/guiTransformByType/*-charred",
    "side": "Server",
    "file": "expandedfoods:itemtypes/food/mixing/breadedvegetable.json",
    "dependsOn": [ { "modid": "expandedfoods" } ]
  },
  {
    "op": "move",
    "frompath": "/attributes/btHax/guiTransformByType/*-syruppartbaked",
    "path": "/guiTransformByType/*-syruppartbaked",
    "side": "Server",
    "file": "expandedfoods:itemtypes/food/mixing/breadedvegetable.json",
    "dependsOn": [ { "modid": "expandedfoods" } ]
  },
  {
    "op": "move",
    "frompath": "/attributes/btHax/guiTransformByType/*-syrupv",
    "path": "/guiTransformByType/*-syrupv",
    "side": "Server",
    "file": "expandedfoods:itemtypes/food/mixing/breadedvegetable.json",
    "dependsOn": [ { "modid": "expandedfoods" } ]
  },
  {
    "op": "move",
    "frompath": "/attributes/btHax/guiTransformByType/*-syrupcharred",
    "path": "/guiTransformByType/*-syrupcharred",
    "side": "Server",
    "file": "expandedfoods:itemtypes/food/mixing/breadedvegetable.json",
    "dependsOn": [ { "modid": "expandedfoods" } ]
  },
  {
    "op": "move",
    "frompath": "/attributes/btHax/guiTransformByType/*",
    "path": "/guiTransformByType/*",
    "side": "Server",
    "file": "expandedfoods:itemtypes/food/mixing/breadedvegetable.json",
    "dependsOn": [ { "modid": "expandedfoods" } ]
  },
  {
    "op": "move",
    "frompath": "/fpHandTransformByType/*",
    "path": "/attributes/btHax/fpHandTransformByType/*",
    "side": "Server",
    "file": "expandedfoods:itemtypes/food/mixing/breadedvegetable.json",
    "dependsOn": [{ "modid": "expandedfoods" }]
  },
  {
    "op": "move",
    "frompath": "/fpHandTransformByType/*-syrupcharred",
    "path": "/attributes/btHax/fpHandTransformByType/*-syrupcharred",
    "side": "Server",
    "file": "expandedfoods:itemtypes/food/mixing/breadedvegetable.json",
    "dependsOn": [{ "modid": "expandedfoods" }]
  },
  {
    "op": "move",
    "frompath": "/fpHandTransformByType/*-syrupv",
    "path": "/attributes/btHax/fpHandTransformByType/*-syrupv",
    "side": "Server",
    "file": "expandedfoods:itemtypes/food/mixing/breadedvegetable.json",
    "dependsOn": [{ "modid": "expandedfoods" }]
  },
  {
    "op": "move",
    "frompath": "/fpHandTransformByType/*-syruppartbaked",
    "path": "/attributes/btHax/fpHandTransformByType/*-syruppartbaked",
    "side": "Server",
    "file": "expandedfoods:itemtypes/food/mixing/breadedvegetable.json",
    "dependsOn": [{ "modid": "expandedfoods" }]
  },
  {
    "op": "move",
    "frompath": "/fpHandTransformByType/*-raw",
    "path": "/attributes/btHax/fpHandTransformByType/*-raw",
    "side": "Server",
    "file": "expandedfoods:itemtypes/food/mixing/breadedvegetable.json",
    "dependsOn": [{ "modid": "expandedfoods" }]
  },
  {
    "op": "move",
    "frompath": "/fpHandTransformByType/*-oiled",
    "path": "/attributes/btHax/fpHandTransformByType/*-oiled",
    "side": "Server",
    "file": "expandedfoods:itemtypes/food/mixing/breadedvegetable.json",
    "dependsOn": [{ "modid": "expandedfoods" }]
  },
  {
    "op": "addmerge",
    "path": "/fpHandTransformByType",
    "value": {
      "*-calabash-*": {
        "rotation": { "x": 110, "y": 92, "z": -30 },
        "origin": { "x": 0.6, "y": 0.2, "z": 0.4 },
        "scale": 1.1
      },
      "*-pickledcalabash-*": {
        "rotation": { "x": 110, "y": 92, "z": -30 },
        "origin": { "x": 0.6, "y": 0.2, "z": 0.4 },
        "scale": 1.1
      }
    },
    "side": "Server",
    "file": "expandedfoods:itemtypes/food/mixing/breadedvegetable.json",
    "dependsOn": [{ "modid": "expandedfoods" }]
  },
  {
    "op": "move",
    "frompath": "/attributes/btHax/fpHandTransformByType/*-oiled",
    "path": "/fpHandTransformByType/*-oiled",
    "side": "Server",
    "file": "expandedfoods:itemtypes/food/mixing/breadedvegetable.json",
    "dependsOn": [{ "modid": "expandedfoods" }]
  },
  {
    "op": "move",
    "frompath": "/attributes/btHax/fpHandTransformByType/*-raw",
    "path": "/fpHandTransformByType/*-raw",
    "side": "Server",
    "file": "expandedfoods:itemtypes/food/mixing/breadedvegetable.json",
    "dependsOn": [{ "modid": "expandedfoods" }]
  },
  {
    "op": "move",
    "frompath": "/attributes/btHax/fpHandTransformByType/*-syruppartbaked",
    "path": "/fpHandTransformByType/*-syruppartbaked",
    "side": "Server",
    "file": "expandedfoods:itemtypes/food/mixing/breadedvegetable.json",
    "dependsOn": [{ "modid": "expandedfoods" }]
  },
  {
    "op": "move",
    "frompath": "/attributes/btHax/fpHandTransformByType/*-syrupv",
    "path": "/fpHandTransformByType/*-syrupv",
    "side": "Server",
    "file": "expandedfoods:itemtypes/food/mixing/breadedvegetable.json",
    "dependsOn": [{ "modid": "expandedfoods" }]
  },
  {
    "op": "move",
    "frompath": "/attributes/btHax/fpHandTransformByType/*-syrupcharred",
    "path": "/fpHandTransformByType/*-syrupcharred",
    "side": "Server",
    "file": "expandedfoods:itemtypes/food/mixing/breadedvegetable.json",
    "dependsOn": [{ "modid": "expandedfoods" }]
  },
  {
    "op": "move",
    "frompath": "/attributes/btHax/fpHandTransformByType/*",
    "path": "/fpHandTransformByType/*",
    "side": "Server",
    "file": "expandedfoods:itemtypes/food/mixing/breadedvegetable.json",
    "dependsOn": [{ "modid": "expandedfoods" }]
  },
  {
    "op": "move",
    "frompath": "/tpHandTransformByType/*",
    "path": "/attributes/btHax/tpHandTransformByType/*",
    "side": "Server",
    "file": "expandedfoods:itemtypes/food/mixing/breadedvegetable.json",
    "dependsOn": [{ "modid": "expandedfoods" }]
  },
  {
    "op": "move",
    "frompath": "/tpHandTransformByType/*-syrupcharred",
    "path": "/attributes/btHax/tpHandTransformByType/*-syrupcharred",
    "side": "Server",
    "file": "expandedfoods:itemtypes/food/mixing/breadedvegetable.json",
    "dependsOn": [{ "modid": "expandedfoods" }]
  },
  {
    "op": "move",
    "frompath": "/tpHandTransformByType/*-syrupv",
    "path": "/attributes/btHax/tpHandTransformByType/*-syrupv",
    "side": "Server",
    "file": "expandedfoods:itemtypes/food/mixing/breadedvegetable.json",
    "dependsOn": [{ "modid": "expandedfoods" }]
  },
  {
    "op": "move",
    "frompath": "/tpHandTransformByType/*-syruppartbaked",
    "path": "/attributes/btHax/tpHandTransformByType/*-syruppartbaked",
    "side": "Server",
    "file": "expandedfoods:itemtypes/food/mixing/breadedvegetable.json",
    "dependsOn": [{ "modid": "expandedfoods" }]
  },
  {
    "op": "move",
    "frompath": "/tpHandTransformByType/*-raw",
    "path": "/attributes/btHax/tpHandTransformByType/*-raw",
    "side": "Server",
    "file": "expandedfoods:itemtypes/food/mixing/breadedvegetable.json",
    "dependsOn": [{ "modid": "expandedfoods" }]
  },
  {
    "op": "move",
    "frompath": "/tpHandTransformByType/*-oiled",
    "path": "/attributes/btHax/tpHandTransformByType/*-oiled",
    "side": "Server",
    "file": "expandedfoods:itemtypes/food/mixing/breadedvegetable.json",
    "dependsOn": [{ "modid": "expandedfoods" }]
  },
  {
    "op": "addmerge",
    "path": "/tpHandTransformByType",
    "value": {
      "*-calabash-*": {
        "translation": { "x": -1.7, "y": -1.1, "z": -1.45 },
        "rotation": { "x": 0, "y": 26, "z": -180 },
        "origin": { "x": 0.3, "y": 0.3, "z": 0.7 },
        "scale": 0.34
      },
      "*-pickledcalabash-*": {
        "translation": { "x": -1.7, "y": -1.1, "z": -1.45 },
        "rotation": { "x": 0, "y": 26, "z": -180 },
        "origin": { "x": 0.3, "y": 0.3, "z": 0.7 },
        "scale": 0.34
      }
    },
    "side": "Server",
    "file": "expandedfoods:itemtypes/food/mixing/breadedvegetable.json",
    "dependsOn": [{ "modid": "expandedfoods" }]
  },
  {
    "op": "move",
    "frompath": "/attributes/btHax/tpHandTransformByType/*-oiled",
    "path": "/tpHandTransformByType/*-oiled",
    "side": "Server",
    "file": "expandedfoods:itemtypes/food/mixing/breadedvegetable.json",
    "dependsOn": [{ "modid": "expandedfoods" }]
  },
  {
    "op": "move",
    "frompath": "/attributes/btHax/tpHandTransformByType/*-raw",
    "path": "/tpHandTransformByType/*-raw",
    "side": "Server",
    "file": "expandedfoods:itemtypes/food/mixing/breadedvegetable.json",
    "dependsOn": [{ "modid": "expandedfoods" }]
  },
  {
    "op": "move",
    "frompath": "/attributes/btHax/tpHandTransformByType/*-syruppartbaked",
    "path": "/tpHandTransformByType/*-syruppartbaked",
    "side": "Server",
    "file": "expandedfoods:itemtypes/food/mixing/breadedvegetable.json",
    "dependsOn": [{ "modid": "expandedfoods" }]
  },
  {
    "op": "move",
    "frompath": "/attributes/btHax/tpHandTransformByType/*-syrupv",
    "path": "/tpHandTransformByType/*-syrupv",
    "side": "Server",
    "file": "expandedfoods:itemtypes/food/mixing/breadedvegetable.json",
    "dependsOn": [{ "modid": "expandedfoods" }]
  },
  {
    "op": "move",
    "frompath": "/attributes/btHax/tpHandTransformByType/*-syrupcharred",
    "path": "/tpHandTransformByType/*-syrupcharred",
    "side": "Server",
    "file": "expandedfoods:itemtypes/food/mixing/breadedvegetable.json",
    "dependsOn": [{ "modid": "expandedfoods" }]
  },
  {
    "op": "move",
    "frompath": "/attributes/btHax/tpHandTransformByType/*",
    "path": "/tpHandTransformByType/*",
    "side": "Server",
    "file": "expandedfoods:itemtypes/food/mixing/breadedvegetable.json",
    "dependsOn": [{ "modid": "expandedfoods" }]
  },
  {
    "op": "move",
    "frompath": "/groundTransformByType/*",
    "path": "/attributes/btHax/groundTransformByType/*",
    "side": "Server",
    "file": "expandedfoods:itemtypes/food/mixing/breadedvegetable.json",
    "dependsOn": [{ "modid": "expandedfoods" }]
  },
  {
    "op": "addmerge",
    "path": "/groundTransformByType",
    "value": {
      "*-calabash-*": {
        "translation": { "x": 0, "y": 0.18, "z": 0 },
        "rotation": { "x": 1, "y": 0, "z": 0 },
        "origin": { "x": 0.5, "y": 0.22, "z": 0.5299 },
        "scale": 4
      },
      "*-pickledcalabash-*": {
        "translation": { "x": 0, "y": 0.18, "z": 0 },
        "rotation": { "x": 1, "y": 0, "z": 0 },
        "origin": { "x": 0.5, "y": 0.22, "z": 0.5299 },
        "scale": 4
      }
    },
    "side": "Server",
    "file": "expandedfoods:itemtypes/food/mixing/breadedvegetable.json",
    "dependsOn": [{ "modid": "expandedfoods" }]
  },
  {
    "op": "move",
    "frompath": "/attributes/btHax/groundTransformByType/*",
    "path": "/groundTransformByType/*",
    "side": "Server",
    "file": "expandedfoods:itemtypes/food/mixing/breadedvegetable.json",
    "dependsOn": [{ "modid": "expandedfoods" }]
  }
]