[
  {
    "op": "addeach",
    "path": "/0/ingredients/2/inputs/-",
    "value": [{ "type": "item", "code": "balancedthirst:dryvegetable-gourdpumpkin", "quantity": 3 }],
    "side": "Server",
    "file": "expandedfoods:recipes/kneading/trailmix.json",
    "dependsOn": [ { "modid": "expandedfoods" } ]
  },
  {
    "op": "addeach",
    "path": "/1/ingredients/2/inputs/-",
    "value": [{ "type": "item", "code": "balancedthirst:dryvegetable-gourdpumpkin", "quantity": 3 }],
    "side": "Server",
    "file": "expandedfoods:recipes/kneading/trailmix.json",
    "dependsOn": [ { "modid": "expandedfoods" } ]
  },
  {
    "op": "addeach",
    "path": "/2/ingredients/2/inputs/-",
    "value": [{ "type": "item", "code": "balancedthirst:dryvegetable-gourdpumpkin", "quantity": 3 }],
    "side": "Server",
    "file": "expandedfoods:recipes/kneading/trailmix.json",
    "dependsOn": [ { "modid": "expandedfoods" } ]
  },
  {
    "op": "addeach",
    "path": "/3/ingredients/2/inputs/-",
    "value": [{ "type": "item", "code": "balancedthirst:dryvegetable-gourdpumpkin", "quantity": 3 }],
    "side": "Server",
    "file": "expandedfoods:recipes/kneading/trailmix.json",
    "dependsOn": [ { "modid": "expandedfoods" } ]
  },
  {
    "op": "addeach",
    "path": "/4/ingredients/2/inputs/-",
    "value": [{ "type": "item", "code": "balancedthirst:dryvegetable-gourdpumpkin", "quantity": 3 }],
    "side": "Server",
    "file": "expandedfoods:recipes/kneading/trailmix.json",
    "dependsOn": [ { "modid": "expandedfoods" } ]
  },
  {
    "op": "addeach",
    "path": "/5/ingredients/2/inputs/-",
    "value": [{ "type": "item", "code": "balancedthirst:dryvegetable-gourdpumpkin", "quantity": 3 }],
    "side": "Server",
    "file": "expandedfoods:recipes/kneading/trailmix.json",
    "dependsOn": [ { "modid": "expandedfoods" } ]
  },
  {
    "op": "addeach",
    "path": "/6/ingredients/2/inputs/-",
    "value": [{ "type": "item", "code": "balancedthirst:dryvegetable-gourdpumpkin", "quantity": 3 }],
    "side": "Server",
    "file": "expandedfoods:recipes/kneading/trailmix.json",
    "dependsOn": [ { "modid": "expandedfoods" } ]
  },
  {
    "op": "addeach",
    "path": "/7/ingredients/2/inputs/-",
    "value": [{ "type": "item", "code": "balancedthirst:dryvegetable-gourdpumpkin", "quantity": 3 }],
    "side": "Server",
    "file": "expandedfoods:recipes/kneading/trailmix.json",
    "dependsOn": [ { "modid": "expandedfoods" } ]
  }
]