[
  {
    ingredientPattern: "BC",
    ingredients: {
      "B": {
        type: "block",
        code: "balancedthirst:woodenbowl-*"
      },
      "C": {
        type: "item",
        code: "game:stone-chalk"
      }
    },
    width: 2,
    height: 1,
    attributes: {
      liquidContainerProps: {
        requiresContent: { type: "item", code: "game:waterportion" },
        requiresLitres: 0.2
      }
    },
    shapeless: true,
    output: { type: "item", code: "unochre:pigment-chalk", quantity: 2  }
  },

  {
    ingredientPattern: "BC",
    ingredients: {
      "B": {
        type: "block",
        code: "balancedthirst:woodenbowl-*"
      },
      "C": {
        type: "item",
        code: "game:charcoal"
      }
    },
    width: 2,
    height: 1,
    attributes: {
      liquidContainerProps: {
        requiresContent: { type: "item", code: "game:waterportion" },
        requiresLitres: 0.2
      }
    },
    shapeless: true,
    output: { type: "item", code: "unochre:pigment-charcoal", quantity: 2  }
  },

  {
    ingredientPattern: "BC",
    ingredients: {
      "B": {
        type: "block",
        code: "balancedthirst:woodenbowl-*"
      },
      "C": {
        type: "item",
        code: "game:ore-lapislazuli"
      }
    },
    width: 2,
    height: 1,
    attributes: {
      liquidContainerProps: {
        requiresContent: { type: "item", code: "game:waterportion" },
        requiresLitres: 0.2
      }
    },
    shapeless: true,
    output: { type: "item", code: "unochre:pigment-lazuli", quantity: 2  }
  },

  {
    ingredientPattern: "BC",
    ingredients: {
      "B": {
        type: "block",
        code: "balancedthirst:woodenbowl-*"
      },
      "C": {
        type: "item",
        code: "game:ore-*-malachite-*"
      }
    },
    width: 2,
    height: 1,
    attributes: {
      liquidContainerProps: {
        requiresContent: { type: "item", code: "game:waterportion" },
        requiresLitres: 0.2
      }
    },
    shapeless: true,
    output: { type: "item", code: "unochre:pigment-malachite", quantity: 2  }
  }
]