[
  {
    "code": "balancedthirst-purewater",
    "triesPerChunk": 1.5,
    "withOreMap": true,
    "withBlockCallback": false,
    "generator": "disc-followsealevel",
    "handbookPageCode": "balancedthirst-purewater",
    "attributes": {
      "inblock": { "code": "rock-*", "name": "rock", "allowedVariants": ["claystone", "sandstone", "shale", "limestone", "chert", "conglomerate"] },
      "placeblock": { "code": "balancedthirst-purewater-still-7" },
      "surfaceBlock": { "code": "balancedthirst-purewater-still-7" },
      "surfaceBlockChance": 0.70,
      "radius": { "dist": "gaussian", "avg": 8, "var": 3 },
      "yPosRel": { "dist": "gaussian", "avg": 0.6, "var": 0.2 },
      "thickness": { "dist": "gaussian", "avg": 4, "var": 1 }
    }
  }
]