[
  {
    "ingredients": [
      {"inputs": [{ "type": "item", "code": "game:honeyportion",  "quantity": 10 }, { "type": "item", "code": "aculinaryartillery:eggyolkfullportion-*", "quantity": 10 }, { "type": "item", "code": "aculinaryartillery:eggyolkportion-*", "quantity": 10 }, { "type": "item", "code": "aculinaryartillery:eggwhiteportion", "quantity": 10 }, { "type": "item", "code": "expandedfoods:foodoilportion-*",  "quantity": 10 }, { "type": "item", "code": "expandedfoods:treesyrupportion-*",  "quantity": 10 }, { "type": "item", "code": "expandedfoods:fruitsyrupportion-*",  "quantity": 10 }, { "type": "item", "code": "expandedfoods:lard",  "quantity": 10 }, { "type": "item", "code": "expandedfoods:peanutliquid-butter",  "quantity": 10 }, { "type": "item", "code": "expandedfoods:peanutliquid-sauce",  "quantity": 10 }]},
      {"inputs": [{ "type": "item", "code": "expandedfoods:breadcrumbs-*", "quantity": 1, "name": "grain" }]},
      {"inputs": [{ "type": "item", "code": "game:flour-*", "quantity": 1 }]},
      {"inputs": [{ "type": "item", "code": "balancedthirst:vegetable-gourdpumpkin", "quantity": 1 }]}
    ],
    "output": { "type": "item", "code": "expandedfoods:breadedvegetable-{grain}-calabash-raw", "stackSize": 1}
  },
  {
    "ingredients": [
      {"inputs": [{ "type": "item", "code": "game:honeyportion",  "quantity": 10 }, { "type": "item", "code": "aculinaryartillery:eggyolkfullportion-*", "quantity": 10 }, { "type": "item", "code": "aculinaryartillery:eggyolkportion-*", "quantity": 10 }, { "type": "item", "code": "aculinaryartillery:eggwhiteportion", "quantity": 10 }, { "type": "item", "code": "expandedfoods:foodoilportion-*",  "quantity": 10 }, { "type": "item", "code": "expandedfoods:treesyrupportion-*",  "quantity": 10 }, { "type": "item", "code": "expandedfoods:fruitsyrupportion-*",  "quantity": 10 }, { "type": "item", "code": "expandedfoods:lard",  "quantity": 10 }, { "type": "item", "code": "expandedfoods:peanutliquid-butter",  "quantity": 10 }, { "type": "item", "code": "expandedfoods:peanutliquid-sauce",  "quantity": 10 }]},
      {"inputs": [{ "type": "item", "code": "expandedfoods:breadcrumbs-*", "quantity": 1, "name": "grain" }]},
      {"inputs": [{ "type": "item", "code": "game:flour-*", "quantity": 1 }]},
      {"inputs": [{ "type": "item", "code": "balancedthirst:pickledvegetable-gourdpumpkin", "quantity": 1 }]}
    ],
    "output": { "type": "item", "code": "expandedfoods:breadedvegetable-{grain}-pickledcalabash-raw", "stackSize": 1}
  },
  {
    "ingredients": [
      {"inputs": [{ "type": "item", "code": "expandedfoods:foodoilportion-*",  "quantity": 10 }, { "type": "item", "code": "expandedfoods:lard",  "quantity": 10 }]},
      {"inputs": [{ "type": "item", "code": "expandedfoods:breadedvegetable-*-calabash-raw", "name": "grain" }]}
    ],
    "output": { "type": "item", "code": "expandedfoods:breadedvegetable-{grain}-calabash-oiled", "stackSize": 1}
  },
  {
    "ingredients": [
      {"inputs": [{ "type": "item", "code": "expandedfoods:foodoilportion-*",  "quantity": 10 }, { "type": "item", "code": "expandedfoods:lard",  "quantity": 10 }]},
      {"inputs": [{ "type": "item", "code": "expandedfoods:breadedvegetable-*-pickledcalabash-raw", "name": "grain" }]}
    ],
    "output": { "type": "item", "code": "expandedfoods:breadedvegetable-{grain}-pickledcalabash-oiled", "stackSize": 1}
  },
  {
    "ingredients": [
      {"inputs": [{ "type": "item", "code": "game:honeyportion",  "quantity": 10 }, { "type": "item", "code": "expandedfoods:treesyrupportion-*",  "quantity": 10 }, { "type": "item", "code": "expandedfoods:soysauce",  "quantity": 10 }, { "type": "item", "code": "expandedfoods:fruitsyrupportion-*",  "quantity": 10 }, { "type": "item", "code": "expandedfoods:peanutliquid-butter",  "quantity": 10 }, { "type": "item", "code": "expandedfoods:peanutliquid-sauce",  "quantity": 10 }, { "type": "item", "code": "expandedfoods:fishsauce",  "quantity": 10 }]},
      {"inputs": [{ "type": "item", "code": "expandedfoods:breadedvegetable-*-calabash-partbaked", "name": "grain" }]}
    ],
    "output": { "type": "item", "code": "expandedfoods:breadedvegetable-{grain}-calabash-syruppartbaked", "stackSize": 1}
  },
  {
    "ingredients": [
      {"inputs": [{ "type": "item", "code": "game:honeyportion",  "quantity": 10 }, { "type": "item", "code": "expandedfoods:treesyrupportion-*",  "quantity": 10 }, { "type": "item", "code": "expandedfoods:soysauce",  "quantity": 10 }, { "type": "item", "code": "expandedfoods:fruitsyrupportion-*",  "quantity": 10 }, { "type": "item", "code": "expandedfoods:peanutliquid-butter",  "quantity": 10 }, { "type": "item", "code": "expandedfoods:peanutliquid-sauce",  "quantity": 10 }, { "type": "item", "code": "expandedfoods:fishsauce",  "quantity": 10 }]},
      {"inputs": [{ "type": "item", "code": "expandedfoods:breadedvegetable-*-pickledcalabash-partbaked", "name": "grain" }]}
    ],
    "output": { "type": "item", "code": "expandedfoods:breadedvegetable-{grain}-pickledcalabash-syruppartbaked", "stackSize": 1}
  }
]