{
	"textureWidth": 16,
	"textureHeight": 16,
	"textureSizes": {
		"bottom": [32, 32],
		"lip": [32, 32],
		"snout": [32, 32],
		"water_bucket": [24, 24],
		"body": [32, 32]
	},
	"elements": [
		{
			"name": "snout",
			"rotationOrigin": [8, 16.2, 4.975],
			"from": [0, 0, 0],
			"to": [0, 0, 0],
			"parent": null,
			"faces": {
				"north": {
					"texture": "#",
					"uv": [0, 0, 0, 0]
				},
				"east": {
					"texture": "#",
					"uv": [0, 0, 0, 0]
				},
				"south": {
					"texture": "#",
					"uv": [0, 0, 0, 0]
				},
				"west": {
					"texture": "#",
					"uv": [0, 0, 0, 0]
				},
				"up": {
					"texture": "#",
					"uv": [0, 0, 0, 0]
				},
				"down": {
					"texture": "#",
					"uv": [0, 0, 0, 0]
				}
			},
			"children": [
				{
					"name": "decor",
					"rotationOrigin": [7.1, 1.925, 3.5],
					"from": [0, 0, 0],
					"to": [0, 0, 0],
					"parent": "snout",
					"faces": {
						"north": {
							"texture": "#",
							"uv": [0, 0, 0, 0]
						},
						"east": {
							"texture": "#",
							"uv": [0, 0, 0, 0]
						},
						"south": {
							"texture": "#",
							"uv": [0, 0, 0, 0]
						},
						"west": {
							"texture": "#",
							"uv": [0, 0, 0, 0]
						},
						"up": {
							"texture": "#",
							"uv": [0, 0, 0, 0]
						},
						"down": {
							"texture": "#",
							"uv": [0, 0, 0, 0]
						}
					},
					"children": [
						{
							"name": "cube82",
							"from": [8.425, 2.5, 4.4],
							"to": [8.8, 3.35, 4.5],
							"rotationOrigin": [7.1, 1.425, 3.5],
							"faces": {
								"north": { "reflectiveMode": 2,
									"texture": "#snout",
									"uv": [7.2, 12.375, 7.575, 13.225],
									"autoUv": false
								},
								"east": { "reflectiveMode": 2,
									"texture": "#snout",
									"uv": [11.5, 12.375, 11.75, 13.225],
									"autoUv": false
								},
								"south": { "reflectiveMode": 2,
									"texture": "#snout",
									"uv": [8.425, 12.375, 8.8, 13.225],
									"autoUv": false
								},
								"west": { "reflectiveMode": 2,
									"texture": "#snout",
									"uv": [4.25, 12.375, 4.5, 13.225],
									"autoUv": false
								},
								"up": { "reflectiveMode": 2,
									"texture": "#snout",
									"uv": [8.425, 4.25, 8.8, 4.5],
									"autoUv": false
								},
								"down": { "reflectiveMode": 2,
									"texture": "#snout",
									"uv": [8.425, 11.5, 8.8, 11.75],
									"autoUv": false
								}
							},
							"parent": "decor",
							"children": []
						},
						{
							"name": "cube83",
							"from": [7.2, 2.5, 4.4],
							"to": [7.575, 3.35, 4.5],
							"rotationOrigin": [5.875, 1.425, 3.5],
							"faces": {
								"north": { "reflectiveMode": 2,
									"texture": "#snout",
									"uv": [8.425, 12.375, 8.8, 13.225],
									"autoUv": false
								},
								"east": { "reflectiveMode": 2,
									"texture": "#snout",
									"uv": [11.5, 12.375, 11.75, 13.225],
									"autoUv": false
								},
								"south": { "reflectiveMode": 2,
									"texture": "#snout",
									"uv": [7.2, 12.375, 7.575, 13.225],
									"autoUv": false
								},
								"west": { "reflectiveMode": 2,
									"texture": "#snout",
									"uv": [4.25, 12.375, 4.5, 13.225],
									"autoUv": false
								},
								"up": { "reflectiveMode": 2,
									"texture": "#snout",
									"uv": [7.2, 4.25, 7.575, 4.5],
									"autoUv": false
								},
								"down": { "reflectiveMode": 2,
									"texture": "#snout",
									"uv": [7.2, 11.5, 7.575, 11.75],
									"autoUv": false
								}
							},
							"parent": "decor",
							"children": []
						},
						{
							"name": "cube84",
							"from": [7.2, 2.125, 4.4],
							"to": [8.8, 2.5, 4.5],
							"rotationOrigin": [7.1, 0.425, 3.5],
							"faces": {
								"north": { "reflectiveMode": 2,
									"texture": "#snout",
									"uv": [7.2, 13.225, 8.8, 13.6],
									"autoUv": false
								},
								"east": { "reflectiveMode": 2,
									"texture": "#snout",
									"uv": [11.5, 13.225, 11.75, 13.6],
									"autoUv": false
								},
								"south": { "reflectiveMode": 2,
									"texture": "#snout",
									"uv": [7.2, 13.225, 8.8, 13.6],
									"autoUv": false
								},
								"west": { "reflectiveMode": 2,
									"texture": "#snout",
									"uv": [4.25, 13.225, 4.5, 13.6],
									"autoUv": false
								},
								"up": { "reflectiveMode": 2,
									"texture": "#snout",
									"uv": [7.2, 4.25, 8.8, 4.5],
									"autoUv": false
								},
								"down": { "reflectiveMode": 2,
									"texture": "#snout",
									"uv": [7.2, 11.5, 8.8, 11.75],
									"autoUv": false
								}
							},
							"parent": "decor",
							"children": []
						},
						{
							"name": "cube85",
							"from": [7.4125, 1.75, 4.4],
							"to": [8.5875, 2.125, 4.5],
							"rotationOrigin": [7.1, 0.05, 3.5],
							"faces": {
								"north": { "reflectiveMode": 2,
									"texture": "#snout",
									"uv": [7.4125, 13.6, 8.5875, 13.975],
									"autoUv": false
								},
								"east": { "reflectiveMode": 2,
									"texture": "#snout",
									"uv": [11.5, 13.6, 11.75, 13.975],
									"autoUv": false
								},
								"south": { "reflectiveMode": 2,
									"texture": "#snout",
									"uv": [7.4125, 13.6, 8.5875, 13.975],
									"autoUv": false
								},
								"west": { "reflectiveMode": 2,
									"texture": "#snout",
									"uv": [4.25, 13.6, 4.5, 13.975],
									"autoUv": false
								},
								"up": { "reflectiveMode": 2,
									"texture": "#snout",
									"uv": [7.4125, 4.25, 8.5875, 4.5],
									"autoUv": false
								},
								"down": { "reflectiveMode": 2,
									"texture": "#snout",
									"uv": [7.4125, 11.5, 8.5875, 11.75],
									"autoUv": false
								}
							},
							"parent": "decor",
							"children": []
						},
						{
							"name": "cube86",
							"from": [7.4125, 3.725, 4.4],
							"to": [8.5875, 4.1, 4.5],
							"rotationOrigin": [7.1, 2.025, 3.5],
							"faces": {
								"north": { "reflectiveMode": 2,
									"texture": "#snout",
									"uv": [7.4125, 11.625, 8.5875, 12],
									"autoUv": false
								},
								"east": { "reflectiveMode": 2,
									"texture": "#snout",
									"uv": [11.5, 11.625, 11.75, 12],
									"autoUv": false
								},
								"south": { "reflectiveMode": 2,
									"texture": "#snout",
									"uv": [7.4125, 11.625, 8.5875, 12],
									"autoUv": false
								},
								"west": { "reflectiveMode": 2,
									"texture": "#snout",
									"uv": [4.25, 11.625, 4.5, 12],
									"autoUv": false
								},
								"up": { "reflectiveMode": 2,
									"texture": "#snout",
									"uv": [7.4125, 4.25, 8.5875, 4.5],
									"autoUv": false
								},
								"down": { "reflectiveMode": 2,
									"texture": "#snout",
									"uv": [7.4125, 11.5, 8.5875, 11.75],
									"autoUv": false
								}
							},
							"parent": "decor",
							"children": []
						},
						{
							"name": "cube87",
							"from": [7.2, 3.35, 4.4],
							"to": [8.8, 3.725, 4.5],
							"rotationOrigin": [7.1, 1.65, 3.5],
							"faces": {
								"north": { "reflectiveMode": 2,
									"texture": "#snout",
									"uv": [7.2, 12, 8.8, 12.375],
									"autoUv": false
								},
								"east": { "reflectiveMode": 2,
									"texture": "#snout",
									"uv": [11.5, 12, 11.75, 12.375],
									"autoUv": false
								},
								"south": { "reflectiveMode": 2,
									"texture": "#snout",
									"uv": [7.2, 12, 8.8, 12.375],
									"autoUv": false
								},
								"west": { "reflectiveMode": 2,
									"texture": "#snout",
									"uv": [4.25, 12, 4.5, 12.375],
									"autoUv": false
								},
								"up": { "reflectiveMode": 2,
									"texture": "#snout",
									"uv": [7.2, 4.25, 8.8, 4.5],
									"autoUv": false
								},
								"down": { "reflectiveMode": 2,
									"texture": "#snout",
									"uv": [7.2, 11.5, 8.8, 11.75],
									"autoUv": false
								}
							},
							"parent": "decor",
							"children": []
						}
					]
				},
				{
					"name": "cube0",
					"from": [7.575, 2.5, 4],
					"to": [8.425, 3.35, 5],
					"rotationOrigin": [7, 1.425, 4],
					"faces": {
						"north": { "reflectiveMode": 2,
							"texture": "#snout",
							"uv": [7.575, 12.375, 8.425, 13.225],
							"autoUv": false
						},
						"east": { "reflectiveMode": 2,
							"texture": "#snout",
							"uv": [11, 12.375, 12, 13.225],
							"autoUv": false
						},
						"south": { "reflectiveMode": 2,
							"texture": "#snout",
							"uv": [7.575, 12.375, 8.425, 13.225],
							"autoUv": false
						},
						"west": { "reflectiveMode": 2,
							"texture": "#snout",
							"uv": [4, 12.375, 5, 13.225],
							"autoUv": false
						},
						"up": { "reflectiveMode": 2,
							"texture": "#snout",
							"uv": [7.575, 4, 8.425, 5],
							"autoUv": false
						},
						"down": { "reflectiveMode": 2,
							"texture": "#snout",
							"uv": [7.575, 11, 8.425, 12],
							"autoUv": false
						}
					},
					"parent": "snout",
					"children": []
				},
				{
					"name": "cube1",
					"from": [7.5755, 2.6625, 3.2],
					"to": [8.4245, 2.8125, 4.2],
					"rotationOrigin": [7.9875, 3.075, 3.7],
					"faces": {
						"north": { "reflectiveMode": 2,
							"texture": "#snout",
							"uv": [7.5755, 12.9125, 8.4245, 13.0625],
							"autoUv": false
						},
						"east": { "reflectiveMode": 2,
							"texture": "#snout",
							"uv": [11.8, 12.9125, 12.8, 13.0625],
							"autoUv": false
						},
						"south": { "reflectiveMode": 2,
							"texture": "#snout",
							"uv": [7.5755, 12.9125, 8.4245, 13.0625],
							"autoUv": false
						},
						"west": { "reflectiveMode": 2,
							"texture": "#snout",
							"uv": [3.2, 12.9125, 4.2, 13.0625],
							"autoUv": false
						},
						"up": { "reflectiveMode": 2,
							"texture": "#snout",
							"uv": [7.5755, 3.2, 8.4245, 4.2],
							"autoUv": false
						},
						"down": { "reflectiveMode": 2,
							"texture": "#snout",
							"uv": [7.5755, 11.8, 8.4245, 12.8],
							"autoUv": false
						}
					},
					"parent": "snout",
					"rotationX": 22.5,
					"children": []
				},
				{
					"name": "cube2",
					"from": [8.275, 3.0125, 2.5375],
					"to": [8.425, 4.7625, 3.0875],
					"rotationOrigin": [7.9875, 3.7875, 2.9125],
					"faces": {
						"north": { "reflectiveMode": 2,
							"texture": "#snout",
							"uv": [7.575, 10.9625, 7.725, 12.7125],
							"autoUv": false
						},
						"east": { "reflectiveMode": 2,
							"texture": "#snout",
							"uv": [12.9125, 10.9625, 13.4625, 12.7125],
							"autoUv": false
						},
						"south": { "reflectiveMode": 2,
							"texture": "#snout",
							"uv": [8.275, 10.9625, 8.425, 12.7125],
							"autoUv": false
						},
						"west": { "reflectiveMode": 2,
							"texture": "#snout",
							"uv": [2.5375, 10.9625, 3.0875, 12.7125],
							"autoUv": false
						},
						"up": { "reflectiveMode": 2,
							"texture": "#snout",
							"uv": [8.275, 2.5375, 8.425, 3.0875],
							"autoUv": false
						},
						"down": { "reflectiveMode": 2,
							"texture": "#snout",
							"uv": [8.275, 12.9125, 8.425, 13.4625],
							"autoUv": false
						}
					},
					"parent": "snout",
					"rotationX": -45,
					"children": []
				},
				{
					"name": "cube59",
					"from": [7.575, 3.0125, 2.5375],
					"to": [7.725, 4.7625, 3.0875],
					"rotationOrigin": [7.9875, 3.7875, 2.9125],
					"faces": {
						"north": { "reflectiveMode": 2,
							"texture": "#snout",
							"uv": [8.275, 10.9625, 8.425, 12.7125],
							"autoUv": false
						},
						"east": { "reflectiveMode": 2,
							"texture": "#snout",
							"uv": [12.9125, 10.9625, 13.4625, 12.7125],
							"autoUv": false
						},
						"south": { "reflectiveMode": 2,
							"texture": "#snout",
							"uv": [7.575, 10.9625, 7.725, 12.7125],
							"autoUv": false
						},
						"west": { "reflectiveMode": 2,
							"texture": "#snout",
							"uv": [2.5375, 10.9625, 3.0875, 12.7125],
							"autoUv": false
						},
						"up": { "reflectiveMode": 2,
							"texture": "#snout",
							"uv": [7.575, 2.5375, 7.725, 3.0875],
							"autoUv": false
						},
						"down": { "reflectiveMode": 2,
							"texture": "#snout",
							"uv": [7.575, 12.9125, 7.725, 13.4625],
							"autoUv": false
						}
					},
					"parent": "snout",
					"rotationX": -45,
					"children": []
				},
				{
					"name": "cube60",
					"from": [7.575, 3.0125, 2.3875],
					"to": [8.425, 4.7625, 2.5375],
					"rotationOrigin": [7.9875, 3.7875, 2.9125],
					"faces": {
						"north": { "reflectiveMode": 2,
							"texture": "#snout",
							"uv": [7.575, 10.9625, 8.425, 12.7125],
							"autoUv": false
						},
						"east": { "reflectiveMode": 2,
							"texture": "#snout",
							"uv": [13.4625, 10.9625, 13.6125, 12.7125],
							"autoUv": false
						},
						"south": { "reflectiveMode": 2,
							"texture": "#snout",
							"uv": [7.575, 10.9625, 8.425, 12.7125],
							"autoUv": false
						},
						"west": { "reflectiveMode": 2,
							"texture": "#snout",
							"uv": [2.3875, 10.9625, 2.5375, 12.7125],
							"autoUv": false
						},
						"up": { "reflectiveMode": 2,
							"texture": "#snout",
							"uv": [7.575, 2.3875, 8.425, 2.5375],
							"autoUv": false
						},
						"down": { "reflectiveMode": 2,
							"texture": "#snout",
							"uv": [7.575, 13.4625, 8.425, 13.6125],
							"autoUv": false
						}
					},
					"parent": "snout",
					"rotationX": -45,
					"children": []
				},
				{
					"name": "cube61",
					"from": [7.575, 3.0125, 3.0875],
					"to": [8.425, 4.7625, 3.2375],
					"rotationOrigin": [7.9875, 3.7875, 2.9125],
					"faces": {
						"north": { "reflectiveMode": 2,
							"texture": "#snout",
							"uv": [7.575, 10.9625, 8.425, 12.7125],
							"autoUv": false
						},
						"east": { "reflectiveMode": 2,
							"texture": "#snout",
							"uv": [12.7625, 10.9625, 12.9125, 12.7125],
							"autoUv": false
						},
						"south": { "reflectiveMode": 2,
							"texture": "#snout",
							"uv": [7.575, 10.9625, 8.425, 12.7125],
							"autoUv": false
						},
						"west": { "reflectiveMode": 2,
							"texture": "#snout",
							"uv": [3.0875, 10.9625, 3.2375, 12.7125],
							"autoUv": false
						},
						"up": { "reflectiveMode": 2,
							"texture": "#snout",
							"uv": [7.575, 3.0875, 8.425, 3.2375],
							"autoUv": false
						},
						"down": { "reflectiveMode": 2,
							"texture": "#snout",
							"uv": [7.575, 12.7625, 8.425, 12.9125],
							"autoUv": false
						}
					},
					"parent": "snout",
					"rotationX": -45,
					"children": []
				},
				{
					"name": "cube62",
					"from": [8.2755, 2.8125, 3.2],
					"to": [8.4245, 3.45, 4.2],
					"rotationOrigin": [7.9875, 3.075, 3.7],
					"faces": {
						"north": { "reflectiveMode": 2,
							"texture": "#snout",
							"uv": [7.5755, 12.275, 7.7245, 12.9125],
							"autoUv": false
						},
						"east": { "reflectiveMode": 2,
							"texture": "#snout",
							"uv": [11.8, 12.275, 12.8, 12.9125],
							"autoUv": false
						},
						"south": { "reflectiveMode": 2,
							"texture": "#snout",
							"uv": [8.2755, 12.275, 8.4245, 12.9125],
							"autoUv": false
						},
						"west": { "reflectiveMode": 2,
							"texture": "#snout",
							"uv": [3.2, 12.275, 4.2, 12.9125],
							"autoUv": false
						},
						"up": { "reflectiveMode": 2,
							"texture": "#snout",
							"uv": [8.2755, 3.2, 8.4245, 4.2],
							"autoUv": false
						},
						"down": { "reflectiveMode": 2,
							"texture": "#snout",
							"uv": [8.2755, 11.8, 8.4245, 12.8],
							"autoUv": false
						}
					},
					"parent": "snout",
					"rotationX": 22.5,
					"children": []
				},
				{
					"name": "cube63",
					"from": [7.5755, 2.8125, 3.2],
					"to": [7.7245, 3.45, 4.2],
					"rotationOrigin": [7.9875, 3.075, 3.7],
					"faces": {
						"north": { "reflectiveMode": 2,
							"texture": "#snout",
							"uv": [8.2755, 12.275, 8.4245, 12.9125],
							"autoUv": false
						},
						"east": { "reflectiveMode": 2,
							"texture": "#snout",
							"uv": [11.8, 12.275, 12.8, 12.9125],
							"autoUv": false
						},
						"south": { "reflectiveMode": 2,
							"texture": "#snout",
							"uv": [7.5755, 12.275, 7.7245, 12.9125],
							"autoUv": false
						},
						"west": { "reflectiveMode": 2,
							"texture": "#snout",
							"uv": [3.2, 12.275, 4.2, 12.9125],
							"autoUv": false
						},
						"up": { "reflectiveMode": 2,
							"texture": "#snout",
							"uv": [7.5755, 3.2, 7.7245, 4.2],
							"autoUv": false
						},
						"down": { "reflectiveMode": 2,
							"texture": "#snout",
							"uv": [7.5755, 11.8, 7.7245, 12.8],
							"autoUv": false
						}
					},
					"parent": "snout",
					"rotationX": 22.5,
					"children": []
				},
				{
					"name": "cube64",
					"from": [7.5755, 3.45, 3.2],
					"to": [8.4245, 3.5115, 4.2],
					"rotationOrigin": [7.9875, 3.075, 3.7],
					"faces": {
						"north": { "reflectiveMode": 2,
							"texture": "#snout",
							"uv": [7.5755, 12.2135, 8.4245, 12.275],
							"autoUv": false
						},
						"east": { "reflectiveMode": 2,
							"texture": "#snout",
							"uv": [11.8, 12.2135, 12.8, 12.275],
							"autoUv": false
						},
						"south": { "reflectiveMode": 2,
							"texture": "#snout",
							"uv": [7.5755, 12.2135, 8.4245, 12.275],
							"autoUv": false
						},
						"west": { "reflectiveMode": 2,
							"texture": "#snout",
							"uv": [3.2, 12.2135, 4.2, 12.275],
							"autoUv": false
						},
						"up": { "reflectiveMode": 2,
							"texture": "#snout",
							"uv": [7.5755, 3.2, 8.4245, 4.2],
							"autoUv": false
						},
						"down": { "reflectiveMode": 2,
							"texture": "#snout",
							"uv": [7.5755, 11.8, 8.4245, 12.8],
							"autoUv": false
						}
					},
					"parent": "snout",
					"rotationX": 22.5,
					"children": []
				}
			]
		},
		{
			"name": "lip",
			"rotationOrigin": [10, 0, 4],
			"from": [0, 0, 0],
			"to": [0, 0, 0],
			"parent": null,
			"faces": {
				"north": {
					"texture": "#",
					"uv": [0, 0, 0, 0]
				},
				"east": {
					"texture": "#",
					"uv": [0, 0, 0, 0]
				},
				"south": {
					"texture": "#",
					"uv": [0, 0, 0, 0]
				},
				"west": {
					"texture": "#",
					"uv": [0, 0, 0, 0]
				},
				"up": {
					"texture": "#",
					"uv": [0, 0, 0, 0]
				},
				"down": {
					"texture": "#",
					"uv": [0, 0, 0, 0]
				}
			},
			"children": [
				{
					"name": "lip-upper",
					"rotationOrigin": [10, 0, 4],
					"from": [0, 0, 0],
					"to": [0, 0, 0],
					"parent": "lip",
					"faces": {
						"north": {
							"texture": "#",
							"uv": [0, 0, 0, 0]
						},
						"east": {
							"texture": "#",
							"uv": [0, 0, 0, 0]
						},
						"south": {
							"texture": "#",
							"uv": [0, 0, 0, 0]
						},
						"west": {
							"texture": "#",
							"uv": [0, 0, 0, 0]
						},
						"up": {
							"texture": "#",
							"uv": [0, 0, 0, 0]
						},
						"down": {
							"texture": "#",
							"uv": [0, 0, 0, 0]
						}
					},
					"children": []
				},
				{
					"name": "lip-lower",
					"rotationOrigin": [10, 0, 4],
					"from": [0, 0, 0],
					"to": [0, 0, 0],
					"parent": "lip",
					"faces": {
						"north": {
							"texture": "#",
							"uv": [0, 0, 0, 0]
						},
						"east": {
							"texture": "#",
							"uv": [0, 0, 0, 0]
						},
						"south": {
							"texture": "#",
							"uv": [0, 0, 0, 0]
						},
						"west": {
							"texture": "#",
							"uv": [0, 0, 0, 0]
						},
						"up": {
							"texture": "#",
							"uv": [0, 0, 0, 0]
						},
						"down": {
							"texture": "#",
							"uv": [0, 0, 0, 0]
						}
					},
					"children": [
						{
							"name": "cube66",
							"from": [6.9863, 4.6375, 10],
							"to": [9.0363, 5.4, 10.5],
							"rotationOrigin": [11, 4.65, 10],
							"faces": {
								"north": { "reflectiveMode": 2,
									"texture": "#lip",
									"uv": [6.9637, 10.5, 9.0137, 11.2625],
									"autoUv": false
								},
								"east": { "reflectiveMode": 2,
									"texture": "#lip",
									"uv": [5.5, 10.5, 6, 11.2625],
									"autoUv": false
								},
								"south": { "reflectiveMode": 2,
									"texture": "#lip",
									"uv": [6.9863, 10.5, 9.0363, 11.2625],
									"autoUv": false
								},
								"west": { "reflectiveMode": 2,
									"texture": "#lip",
									"uv": [10, 10.5, 10.5, 11.2625],
									"autoUv": false
								},
								"up": { "reflectiveMode": 2,
									"texture": "#lip",
									"uv": [6.9863, 10, 9.0363, 10.5],
									"autoUv": false
								},
								"down": { "reflectiveMode": 2,
									"texture": "#lip",
									"uv": [6.9863, 5.5, 9.0363, 6],
									"autoUv": false
								}
							},
							"parent": "lip-lower",
							"children": []
						},
						{
							"name": "cube67",
							"from": [6.9863, 4.6375, 5.5],
							"to": [9.0363, 5.4, 6],
							"rotationOrigin": [11, 4.65, 6],
							"faces": {
								"north": { "reflectiveMode": 2,
									"texture": "#lip",
									"uv": [6.9637, 10.5, 9.0137, 11.2625],
									"autoUv": false
								},
								"east": { "reflectiveMode": 2,
									"texture": "#lip",
									"uv": [10, 10.5, 10.5, 11.2625],
									"autoUv": false
								},
								"south": { "reflectiveMode": 2,
									"texture": "#lip",
									"uv": [6.9863, 10.5, 9.0363, 11.2625],
									"autoUv": false
								},
								"west": { "reflectiveMode": 2,
									"texture": "#lip",
									"uv": [5.5, 10.5, 6, 11.2625],
									"autoUv": false
								},
								"up": { "reflectiveMode": 2,
									"texture": "#lip",
									"uv": [6.9863, 5.5, 9.0363, 6],
									"autoUv": false
								},
								"down": { "reflectiveMode": 2,
									"texture": "#lip",
									"uv": [6.9863, 10, 9.0363, 10.5],
									"autoUv": false
								}
							},
							"parent": "lip-lower",
							"children": []
						},
						{
							"name": "cube68",
							"from": [10, 4.6375, 6.9387],
							"to": [10.5, 5.4, 9.0387],
							"rotationOrigin": [10, 4.65, 5],
							"faces": {
								"north": { "reflectiveMode": 2,
									"texture": "#lip",
									"uv": [5.5, 10.5, 6, 11.2625],
									"autoUv": false
								},
								"east": { "reflectiveMode": 2,
									"texture": "#lip",
									"uv": [6.9613, 10.5, 9.0613, 11.2625],
									"autoUv": false
								},
								"south": { "reflectiveMode": 2,
									"texture": "#lip",
									"uv": [10, 10.5, 10.5, 11.2625],
									"autoUv": false
								},
								"west": { "reflectiveMode": 2,
									"texture": "#lip",
									"uv": [6.9387, 10.5, 9.0387, 11.2625],
									"autoUv": false
								},
								"up": { "reflectiveMode": 2,
									"texture": "#lip",
									"uv": [10, 6.9387, 10.5, 9.0387],
									"autoUv": false,
									"rotation": 270
								},
								"down": { "reflectiveMode": 2,
									"texture": "#lip",
									"uv": [10, 6.9613, 10.5, 9.0613],
									"autoUv": false,
									"rotation": 90
								}
							},
							"parent": "lip-lower",
							"children": []
						},
						{
							"name": "cube69",
							"from": [5.5, 4.6375, 6.9387],
							"to": [6, 5.4, 9.0387],
							"rotationOrigin": [6, 4.65, 5],
							"faces": {
								"north": { "reflectiveMode": 2,
									"texture": "#lip",
									"uv": [10, 10.5, 10.5, 11.2625],
									"autoUv": false
								},
								"east": { "reflectiveMode": 2,
									"texture": "#lip",
									"uv": [6.9613, 10.5, 9.0613, 11.2625],
									"autoUv": false
								},
								"south": { "reflectiveMode": 2,
									"texture": "#lip",
									"uv": [5.5, 10.5, 6, 11.2625],
									"autoUv": false
								},
								"west": { "reflectiveMode": 2,
									"texture": "#lip",
									"uv": [6.9387, 10.5, 9.0387, 11.2625],
									"autoUv": false
								},
								"up": { "reflectiveMode": 2,
									"texture": "#lip",
									"uv": [5.5, 6.9387, 7.6, 7.4387],
									"autoUv": false,
									"rotation": 270
								},
								"down": { "reflectiveMode": 2,
									"texture": "#lip",
									"uv": [5.5, 6.9613, 6, 9.0613],
									"autoUv": false,
									"rotation": 90
								}
							},
							"parent": "lip-lower",
							"children": []
						},
						{
							"name": "cube70",
							"from": [7.5113, 4.6375, 7.325],
							"to": [9.5738, 5.3995, 7.825],
							"rotationOrigin": [11.525, 4.65, 7.325],
							"faces": {
								"north": { "reflectiveMode": 2,
									"texture": "#lip",
									"uv": [6.4262, 10.5005, 8.4887, 11.2625],
									"autoUv": false
								},
								"east": { "reflectiveMode": 2,
									"texture": "#lip",
									"uv": [8.175, 10.5005, 8.675, 11.2625],
									"autoUv": false
								},
								"south": { "reflectiveMode": 2,
									"texture": "#lip",
									"uv": [7.5113, 10.5005, 9.5738, 11.2625],
									"autoUv": false
								},
								"west": { "reflectiveMode": 2,
									"texture": "#lip",
									"uv": [7.325, 10.5005, 7.825, 11.2625],
									"autoUv": false
								},
								"up": { "reflectiveMode": 2,
									"texture": "#lip",
									"uv": [7.5113, 7.325, 9.5738, 7.825],
									"autoUv": false
								},
								"down": { "reflectiveMode": 2,
									"texture": "#lip",
									"uv": [7.5113, 8.175, 9.5738, 8.675],
									"autoUv": false
								}
							},
							"parent": "lip-lower",
							"rotationY": 45,
							"children": []
						},
						{
							"name": "cube71",
							"from": [6.4262, 4.6375, 8.175],
							"to": [8.4887, 5.3995, 8.675],
							"rotationOrigin": [4.475, 4.65, 8.675],
							"faces": {
								"north": { "reflectiveMode": 2,
									"texture": "#lip",
									"uv": [7.5113, 10.5005, 9.5738, 11.2625],
									"autoUv": false
								},
								"east": { "reflectiveMode": 2,
									"texture": "#lip",
									"uv": [7.325, 10.5005, 7.825, 11.2625],
									"autoUv": false
								},
								"south": { "reflectiveMode": 2,
									"texture": "#lip",
									"uv": [6.4262, 10.5005, 8.4887, 11.2625],
									"autoUv": false
								},
								"west": { "reflectiveMode": 2,
									"texture": "#lip",
									"uv": [8.175, 10.5005, 8.675, 11.2625],
									"autoUv": false
								},
								"up": { "reflectiveMode": 2,
									"texture": "#lip",
									"uv": [6.4262, 8.175, 8.4887, 8.675],
									"autoUv": false
								},
								"down": { "reflectiveMode": 2,
									"texture": "#lip",
									"uv": [6.4262, 7.325, 8.4887, 7.825],
									"autoUv": false
								}
							},
							"parent": "lip-lower",
							"rotationY": 45,
							"children": []
						},
						{
							"name": "cube72",
							"from": [6.4262, 4.6375, 7.325],
							"to": [8.4887, 5.3995, 7.825],
							"rotationOrigin": [4.475, 4.65, 7.325],
							"faces": {
								"north": { "reflectiveMode": 2,
									"texture": "#lip",
									"uv": [7.5113, 10.5005, 9.5738, 11.2625],
									"autoUv": false
								},
								"east": { "reflectiveMode": 2,
									"texture": "#lip",
									"uv": [8.175, 10.5005, 8.675, 11.2625],
									"autoUv": false
								},
								"south": { "reflectiveMode": 2,
									"texture": "#lip",
									"uv": [6.4262, 10.5005, 8.4887, 11.2625],
									"autoUv": false
								},
								"west": { "reflectiveMode": 2,
									"texture": "#lip",
									"uv": [7.325, 10.5005, 7.825, 11.2625],
									"autoUv": false
								},
								"up": { "reflectiveMode": 2,
									"texture": "#lip",
									"uv": [6.4262, 7.325, 8.4887, 7.825],
									"autoUv": false
								},
								"down": { "reflectiveMode": 2,
									"texture": "#lip",
									"uv": [6.4262, 8.175, 8.4887, 8.675],
									"autoUv": false
								}
							},
							"parent": "lip-lower",
							"rotationY": -45,
							"children": []
						},
						{
							"name": "cube73",
							"from": [7.5113, 4.6375, 8.175],
							"to": [9.5738, 5.3995, 8.675],
							"rotationOrigin": [11.525, 4.65, 8.675],
							"faces": {
								"north": { "reflectiveMode": 2,
									"texture": "#lip",
									"uv": [6.4262, 10.5005, 8.4887, 11.2625],
									"autoUv": false
								},
								"east": { "reflectiveMode": 2,
									"texture": "#lip",
									"uv": [7.325, 10.5005, 7.825, 11.2625],
									"autoUv": false
								},
								"south": { "reflectiveMode": 2,
									"texture": "#lip",
									"uv": [7.5113, 10.5005, 9.5738, 11.2625],
									"autoUv": false
								},
								"west": { "reflectiveMode": 2,
									"texture": "#lip",
									"uv": [8.175, 10.5005, 8.675, 11.2625],
									"autoUv": false
								},
								"up": { "reflectiveMode": 2,
									"texture": "#lip",
									"uv": [7.5113, 8.175, 9.5738, 8.675],
									"autoUv": false
								},
								"down": { "reflectiveMode": 2,
									"texture": "#lip",
									"uv": [7.5113, 7.325, 9.5738, 7.825],
									"autoUv": false
								}
							},
							"parent": "lip-lower",
							"rotationY": -45,
							"children": []
						}
					]
				}
			]
		},
		{
			"name": "body",
			"rotationOrigin": [10, 0, 4],
			"from": [0, 0, 0],
			"to": [0, 0, 0],
			"parent": null,
			"faces": {
				"north": {
					"texture": "#",
					"uv": [0, 0, 0, 0]
				},
				"east": {
					"texture": "#",
					"uv": [0, 0, 0, 0]
				},
				"south": {
					"texture": "#",
					"uv": [0, 0, 0, 0]
				},
				"west": {
					"texture": "#",
					"uv": [0, 0, 0, 0]
				},
				"up": {
					"texture": "#",
					"uv": [0, 0, 0, 0]
				},
				"down": {
					"texture": "#",
					"uv": [0, 0, 0, 0]
				}
			},
			"children": [
				{
					"name": "lip-upper",
					"rotationOrigin": [10, 0, 4],
					"from": [0, 0, 0],
					"to": [0, 0, 0],
					"parent": "body",
					"faces": {
						"north": {
							"texture": "#",
							"uv": [0, 0, 0, 0]
						},
						"east": {
							"texture": "#",
							"uv": [0, 0, 0, 0]
						},
						"south": {
							"texture": "#",
							"uv": [0, 0, 0, 0]
						},
						"west": {
							"texture": "#",
							"uv": [0, 0, 0, 0]
						},
						"up": {
							"texture": "#",
							"uv": [0, 0, 0, 0]
						},
						"down": {
							"texture": "#",
							"uv": [0, 0, 0, 0]
						}
					},
					"children": [
						{
							"name": "cube10",
							"from": [7.3988, 5.4002, 7.6],
							"to": [9.7113, 5.7497, 8.175],
							"rotationOrigin": [11.525, 4.75, 8.675],
							"faces": {
								"north": { "reflectiveMode": 2,
									"texture": "#lip",
									"uv": [6.2887, 10.0003, 8.6012, 10.4998],
									"autoUv": false
								},
								"east": { "reflectiveMode": 2,
									"texture": "#lip",
									"uv": [7.825, 10.0003, 8.4, 10.4998],
									"autoUv": false
								},
								"south": { "reflectiveMode": 2,
									"texture": "#lip",
									"uv": [7.3988, 10.0003, 9.7113, 10.4998],
									"autoUv": false
								},
								"west": { "reflectiveMode": 2,
									"texture": "#lip",
									"uv": [7.6, 10.0003, 8.175, 10.4998],
									"autoUv": false
								},
								"up": { "reflectiveMode": 2,
									"texture": "#lip",
									"uv": [7.3988, 7.6, 9.7113, 8.175],
									"autoUv": false
								},
								"down": { "reflectiveMode": 2,
									"texture": "#lip",
									"uv": [7.3988, 7.825, 9.7113, 8.4],
									"autoUv": false
								}
							},
							"parent": "lip-upper",
							"rotationY": -45,
							"children": []
						},
						{
							"name": "cube12",
							"from": [6.2887, 5.4002, 7.6125],
							"to": [8.6262, 5.7497, 8.1875],
							"rotationOrigin": [4.475, 4.75, 8.675],
							"faces": {
								"north": { "reflectiveMode": 2,
									"texture": "#lip",
									"uv": [7.3738, 10.0003, 9.7113, 10.4998],
									"autoUv": false
								},
								"east": { "reflectiveMode": 2,
									"texture": "#lip",
									"uv": [7.8125, 10.0003, 8.3875, 10.4998],
									"autoUv": false
								},
								"south": { "reflectiveMode": 2,
									"texture": "#lip",
									"uv": [6.2887, 10.0003, 8.6262, 10.4998],
									"autoUv": false
								},
								"west": { "reflectiveMode": 2,
									"texture": "#lip",
									"uv": [7.6125, 10.0003, 8.1875, 10.4998],
									"autoUv": false
								},
								"up": { "reflectiveMode": 2,
									"texture": "#lip",
									"uv": [6.2887, 7.6125, 8.6262, 8.1875],
									"autoUv": false
								},
								"down": { "reflectiveMode": 2,
									"texture": "#lip",
									"uv": [6.2887, 7.8125, 8.6262, 8.3875],
									"autoUv": false
								}
							},
							"parent": "lip-upper",
							"rotationY": 45,
							"children": []
						},
						{
							"name": "cube13",
							"from": [6.2762, 5.4002, 7.7875],
							"to": [8.6387, 5.7497, 8.3625],
							"rotationOrigin": [4.475, 4.75, 7.3],
							"faces": {
								"north": { "reflectiveMode": 2,
									"texture": "#lip",
									"uv": [7.3613, 10.0003, 9.7238, 10.4998],
									"autoUv": false
								},
								"east": { "reflectiveMode": 2,
									"texture": "#lip",
									"uv": [7.6375, 10.0003, 8.2125, 10.4998],
									"autoUv": false
								},
								"south": { "reflectiveMode": 2,
									"texture": "#lip",
									"uv": [6.2762, 10.0003, 8.6387, 10.4998],
									"autoUv": false
								},
								"west": { "reflectiveMode": 2,
									"texture": "#lip",
									"uv": [7.7875, 10.0003, 8.3625, 10.4998],
									"autoUv": false
								},
								"up": { "reflectiveMode": 2,
									"texture": "#lip",
									"uv": [6.2762, 7.7875, 8.6387, 8.3625],
									"autoUv": false
								},
								"down": { "reflectiveMode": 2,
									"texture": "#lip",
									"uv": [6.2762, 7.6375, 8.6387, 8.2125],
									"autoUv": false
								}
							},
							"parent": "lip-upper",
							"rotationY": -45,
							"children": []
						},
						{
							"name": "cube14",
							"from": [5, 5.4, 6.6387],
							"to": [5.5, 5.75, 9.3387],
							"rotationOrigin": [5.5, 4.75, 5],
							"faces": {
								"north": { "reflectiveMode": 2,
									"texture": "#lip",
									"uv": [10.5, 10, 11, 10.5],
									"autoUv": false
								},
								"east": { "reflectiveMode": 2,
									"texture": "#lip",
									"uv": [6.6613, 10, 9.3613, 10.5],
									"autoUv": false
								},
								"south": { "reflectiveMode": 2,
									"texture": "#lip",
									"uv": [5, 10, 5.5, 10.5],
									"autoUv": false
								},
								"west": { "reflectiveMode": 2,
									"texture": "#lip",
									"uv": [6.6387, 10, 9.3387, 10.5],
									"autoUv": false
								},
								"up": { "reflectiveMode": 2,
									"texture": "#lip",
									"uv": [5, 6.6387, 7.7, 7.1387],
									"autoUv": false,
									"rotation": 270
								},
								"down": { "reflectiveMode": 2,
									"texture": "#lip",
									"uv": [5, 6.6613, 5.5, 9.3613],
									"autoUv": false,
									"rotation": 90
								}
							},
							"parent": "lip-upper",
							"children": []
						},
						{
							"name": "cube15",
							"from": [7.3863, 5.4002, 7.8],
							"to": [9.7238, 5.7497, 8.375],
							"rotationOrigin": [11.5375, 4.75, 7.325],
							"faces": {
								"north": { "reflectiveMode": 2,
									"texture": "#lip",
									"uv": [6.2762, 10.0003, 8.6137, 10.4998],
									"autoUv": false
								},
								"east": { "reflectiveMode": 2,
									"texture": "#lip",
									"uv": [7.625, 10.0003, 8.2, 10.4998],
									"autoUv": false
								},
								"south": { "reflectiveMode": 2,
									"texture": "#lip",
									"uv": [7.3863, 10.0003, 9.7238, 10.4998],
									"autoUv": false
								},
								"west": { "reflectiveMode": 2,
									"texture": "#lip",
									"uv": [7.8, 10.0003, 8.375, 10.4998],
									"autoUv": false
								},
								"up": { "reflectiveMode": 2,
									"texture": "#lip",
									"uv": [7.3863, 7.8, 9.7238, 8.375],
									"autoUv": false
								},
								"down": { "reflectiveMode": 2,
									"texture": "#lip",
									"uv": [7.3863, 7.625, 9.7238, 8.2],
									"autoUv": false
								}
							},
							"parent": "lip-upper",
							"rotationY": 45,
							"children": []
						},
						{
							"name": "cube16",
							"from": [10.5, 5.4, 6.6387],
							"to": [11, 5.75, 9.3387],
							"rotationOrigin": [10.5, 4.75, 5],
							"faces": {
								"north": { "reflectiveMode": 2,
									"texture": "#lip",
									"uv": [5, 10, 5.5, 10.5],
									"autoUv": false
								},
								"east": { "reflectiveMode": 2,
									"texture": "#lip",
									"uv": [6.6613, 10, 9.3613, 10.5],
									"autoUv": false
								},
								"south": { "reflectiveMode": 2,
									"texture": "#lip",
									"uv": [10.5, 10, 11, 10.5],
									"autoUv": false
								},
								"west": { "reflectiveMode": 2,
									"texture": "#lip",
									"uv": [6.6387, 10, 9.3387, 10.5],
									"autoUv": false
								},
								"up": { "reflectiveMode": 2,
									"texture": "#lip",
									"uv": [10.5, 6.6387, 13.2, 7.1387],
									"autoUv": false,
									"rotation": 270
								},
								"down": { "reflectiveMode": 2,
									"texture": "#lip",
									"uv": [10.5, 6.6613, 11, 9.3613],
									"autoUv": false,
									"rotation": 90
								}
							},
							"parent": "lip-upper",
							"children": []
						},
						{
							"name": "cube26",
							"from": [6.6613, 5.4, 10.5],
							"to": [9.3613, 5.75, 11],
							"rotationOrigin": [11, 4.75, 10.5],
							"faces": {
								"north": { "reflectiveMode": 2,
									"texture": "#lip",
									"uv": [6.6387, 10, 9.3387, 10.5],
									"autoUv": false
								},
								"east": { "reflectiveMode": 2,
									"texture": "#lip",
									"uv": [5, 10, 5.5, 10.5],
									"autoUv": false
								},
								"south": { "reflectiveMode": 2,
									"texture": "#lip",
									"uv": [6.6613, 10, 9.3613, 10.5],
									"autoUv": false
								},
								"west": { "reflectiveMode": 2,
									"texture": "#lip",
									"uv": [10.5, 10, 11, 10.5],
									"autoUv": false
								},
								"up": { "reflectiveMode": 2,
									"texture": "#lip",
									"uv": [6.6613, 10.5, 9.3613, 11],
									"autoUv": false
								},
								"down": { "reflectiveMode": 2,
									"texture": "#lip",
									"uv": [6.6613, 5, 9.3613, 5.5],
									"autoUv": false
								}
							},
							"parent": "lip-upper",
							"children": []
						},
						{
							"name": "cube27",
							"from": [6.6613, 5.4, 5],
							"to": [9.3613, 5.75, 5.5],
							"rotationOrigin": [11, 4.75, 5.5],
							"faces": {
								"north": { "reflectiveMode": 2,
									"texture": "#lip",
									"uv": [6.6387, 10, 9.3387, 10.5],
									"autoUv": false
								},
								"east": { "reflectiveMode": 2,
									"texture": "#lip",
									"uv": [10.5, 10, 11, 10.5],
									"autoUv": false
								},
								"south": { "reflectiveMode": 2,
									"texture": "#lip",
									"uv": [6.6613, 10, 9.3613, 10.5],
									"autoUv": false
								},
								"west": { "reflectiveMode": 2,
									"texture": "#lip",
									"uv": [5, 10, 5.5, 10.5],
									"autoUv": false
								},
								"up": { "reflectiveMode": 2,
									"texture": "#lip",
									"uv": [6.6613, 5, 9.3613, 5.5],
									"autoUv": false
								},
								"down": { "reflectiveMode": 2,
									"texture": "#lip",
									"uv": [6.6613, 10.5, 9.3613, 11],
									"autoUv": false
								}
							},
							"parent": "lip-upper",
							"children": []
						},
						{
							"name": "cube74",
							"from": [6.6613, 4.75, 10.5],
							"to": [9.3613, 5.1, 11],
							"rotationOrigin": [11, 4.35, 10.5],
							"faces": {
								"north": { "reflectiveMode": 2,
									"texture": "#body",
									"uv": [6.6387, 10.9, 9.3387, 11.25],
									"autoUv": false
								},
								"east": { "reflectiveMode": 2,
									"texture": "#body",
									"uv": [5, 10.9, 5.5, 11.25],
									"autoUv": false
								},
								"south": { "reflectiveMode": 2,
									"texture": "#body",
									"uv": [6.6613, 10.9, 9.3613, 11.25],
									"autoUv": false
								},
								"west": { "reflectiveMode": 2,
									"texture": "#body",
									"uv": [10.5, 10.9, 11, 11.25],
									"autoUv": false
								},
								"up": { "reflectiveMode": 2,
									"texture": "#body",
									"uv": [6.6613, 10.5, 9.3613, 11],
									"autoUv": false
								},
								"down": { "reflectiveMode": 2,
									"texture": "#body",
									"uv": [6.6613, 5, 9.3613, 5.5],
									"autoUv": false
								}
							},
							"parent": "lip-upper",
							"children": []
						},
						{
							"name": "cube75",
							"from": [6.6613, 4.75, 5],
							"to": [9.3613, 5.1, 5.5],
							"rotationOrigin": [11, 4.35, 5.5],
							"faces": {
								"north": { "reflectiveMode": 2,
									"texture": "#body",
									"uv": [6.6387, 10.9, 9.3387, 11.25],
									"autoUv": false
								},
								"east": { "reflectiveMode": 2,
									"texture": "#body",
									"uv": [10.5, 10.9, 11, 11.25],
									"autoUv": false
								},
								"south": { "reflectiveMode": 2,
									"texture": "#body",
									"uv": [6.6613, 10.9, 9.3613, 11.25],
									"autoUv": false
								},
								"west": { "reflectiveMode": 2,
									"texture": "#body",
									"uv": [5, 10.9, 5.5, 11.25],
									"autoUv": false
								},
								"up": { "reflectiveMode": 2,
									"texture": "#body",
									"uv": [6.6613, 5, 9.3613, 5.5],
									"autoUv": false
								},
								"down": { "reflectiveMode": 2,
									"texture": "#body",
									"uv": [6.6613, 10.5, 9.3613, 11],
									"autoUv": false
								}
							},
							"parent": "lip-upper",
							"children": []
						},
						{
							"name": "cube76",
							"from": [10.5, 4.75, 6.6387],
							"to": [11, 5.1, 9.3387],
							"rotationOrigin": [10.5, 4.35, 5],
							"faces": {
								"north": { "reflectiveMode": 2,
									"texture": "#body",
									"uv": [5, 10.9, 5.5, 11.25],
									"autoUv": false
								},
								"east": { "reflectiveMode": 2,
									"texture": "#body",
									"uv": [6.6613, 10.9, 9.3613, 11.25],
									"autoUv": false
								},
								"south": { "reflectiveMode": 2,
									"texture": "#body",
									"uv": [10.5, 10.9, 11, 11.25],
									"autoUv": false
								},
								"west": { "reflectiveMode": 2,
									"texture": "#body",
									"uv": [6.6387, 10.9, 9.3387, 11.25],
									"autoUv": false
								},
								"up": { "reflectiveMode": 2,
									"texture": "#body",
									"uv": [10.5, 6.6387, 11, 9.3387],
									"autoUv": false,
									"rotation": 270
								},
								"down": { "reflectiveMode": 2,
									"texture": "#body",
									"uv": [10.5, 6.6613, 11, 9.3613],
									"autoUv": false,
									"rotation": 90
								}
							},
							"parent": "lip-upper",
							"children": []
						},
						{
							"name": "cube77",
							"from": [5, 4.75, 6.6387],
							"to": [5.5, 5.1, 9.3387],
							"rotationOrigin": [5.5, 4.35, 5],
							"faces": {
								"north": { "reflectiveMode": 2,
									"texture": "#body",
									"uv": [10.5, 10.9, 11, 11.25],
									"autoUv": false
								},
								"east": { "reflectiveMode": 2,
									"texture": "#body",
									"uv": [6.6613, 10.9, 9.3613, 11.25],
									"autoUv": false
								},
								"south": { "reflectiveMode": 2,
									"texture": "#body",
									"uv": [5, 10.9, 5.5, 11.25],
									"autoUv": false
								},
								"west": { "reflectiveMode": 2,
									"texture": "#body",
									"uv": [6.6387, 10.9, 9.3387, 11.25],
									"autoUv": false
								},
								"up": { "reflectiveMode": 2,
									"texture": "#body",
									"uv": [5, 6.6387, 5.5, 9.3387],
									"autoUv": false,
									"rotation": 270
								},
								"down": { "reflectiveMode": 2,
									"texture": "#body",
									"uv": [5, 6.6613, 5.5, 9.3613],
									"autoUv": false,
									"rotation": 90
								}
							},
							"parent": "lip-upper",
							"children": []
						},
						{
							"name": "cube78",
							"from": [7.3863, 4.7502, 7.8125],
							"to": [9.7238, 5.0997, 8.375],
							"rotationOrigin": [11.5375, 4.35, 7.325],
							"faces": {
								"north": { "reflectiveMode": 2,
									"texture": "#body",
									"uv": [6.2762, 10.9003, 8.6137, 11.2498],
									"autoUv": false
								},
								"east": { "reflectiveMode": 2,
									"texture": "#body",
									"uv": [7.625, 10.9003, 8.1875, 11.2498],
									"autoUv": false
								},
								"south": { "reflectiveMode": 2,
									"texture": "#body",
									"uv": [7.3863, 10.9003, 9.7238, 11.2498],
									"autoUv": false
								},
								"west": { "reflectiveMode": 2,
									"texture": "#body",
									"uv": [7.8125, 10.9003, 8.375, 11.2498],
									"autoUv": false
								},
								"up": { "reflectiveMode": 2,
									"texture": "#body",
									"uv": [7.3863, 7.8125, 9.7238, 8.375],
									"autoUv": false
								},
								"down": { "reflectiveMode": 2,
									"texture": "#body",
									"uv": [7.3863, 7.625, 9.7238, 8.1875],
									"autoUv": false
								}
							},
							"parent": "lip-upper",
							"rotationY": 45,
							"children": []
						},
						{
							"name": "cube79",
							"from": [6.2887, 4.7502, 7.6125],
							"to": [8.6262, 5.0997, 8.175],
							"rotationOrigin": [4.475, 4.35, 8.675],
							"faces": {
								"north": { "reflectiveMode": 2,
									"texture": "#body",
									"uv": [7.3738, 10.9003, 9.7113, 11.2498],
									"autoUv": false
								},
								"east": { "reflectiveMode": 2,
									"texture": "#body",
									"uv": [7.825, 10.9003, 8.3875, 11.2498],
									"autoUv": false
								},
								"south": { "reflectiveMode": 2,
									"texture": "#body",
									"uv": [6.2887, 10.9003, 8.6262, 11.2498],
									"autoUv": false
								},
								"west": { "reflectiveMode": 2,
									"texture": "#body",
									"uv": [7.6125, 10.9003, 8.175, 11.2498],
									"autoUv": false
								},
								"up": { "reflectiveMode": 2,
									"texture": "#body",
									"uv": [6.2887, 7.6125, 8.6262, 8.175],
									"autoUv": false
								},
								"down": { "reflectiveMode": 2,
									"texture": "#body",
									"uv": [6.2887, 7.825, 8.6262, 8.3875],
									"autoUv": false
								}
							},
							"parent": "lip-upper",
							"rotationY": 45,
							"children": []
						},
						{
							"name": "cube80",
							"from": [6.2762, 4.7502, 7.8125],
							"to": [8.6387, 5.0997, 8.3625],
							"rotationOrigin": [4.475, 4.35, 7.3],
							"faces": {
								"north": { "reflectiveMode": 2,
									"texture": "#body",
									"uv": [7.3613, 10.9003, 9.7238, 11.2498],
									"autoUv": false
								},
								"east": { "reflectiveMode": 2,
									"texture": "#body",
									"uv": [7.6375, 10.9003, 8.1875, 11.2498],
									"autoUv": false
								},
								"south": { "reflectiveMode": 2,
									"texture": "#body",
									"uv": [6.2762, 10.9003, 8.6387, 11.2498],
									"autoUv": false
								},
								"west": { "reflectiveMode": 2,
									"texture": "#body",
									"uv": [7.8125, 10.9003, 8.3625, 11.2498],
									"autoUv": false
								},
								"up": { "reflectiveMode": 2,
									"texture": "#body",
									"uv": [6.2762, 7.8125, 8.6387, 8.3625],
									"autoUv": false
								},
								"down": { "reflectiveMode": 2,
									"texture": "#body",
									"uv": [6.2762, 7.6375, 8.6387, 8.1875],
									"autoUv": false
								}
							},
							"parent": "lip-upper",
							"rotationY": -45,
							"children": []
						},
						{
							"name": "cube81",
							"from": [7.3988, 4.7502, 7.6],
							"to": [9.7113, 5.0997, 8.1625],
							"rotationOrigin": [11.525, 4.35, 8.675],
							"faces": {
								"north": { "reflectiveMode": 2,
									"texture": "#body",
									"uv": [6.2887, 10.9003, 8.6012, 11.2498],
									"autoUv": false
								},
								"east": { "reflectiveMode": 2,
									"texture": "#body",
									"uv": [7.8375, 10.9003, 8.4, 11.2498],
									"autoUv": false
								},
								"south": { "reflectiveMode": 2,
									"texture": "#body",
									"uv": [7.3988, 10.9003, 9.7113, 11.2498],
									"autoUv": false
								},
								"west": { "reflectiveMode": 2,
									"texture": "#body",
									"uv": [7.6, 10.9003, 8.1625, 11.2498],
									"autoUv": false
								},
								"up": { "reflectiveMode": 2,
									"texture": "#body",
									"uv": [7.3988, 7.6, 9.7113, 8.1625],
									"autoUv": false
								},
								"down": { "reflectiveMode": 2,
									"texture": "#body",
									"uv": [7.3988, 7.8375, 9.7113, 8.4],
									"autoUv": false
								}
							},
							"parent": "lip-upper",
							"rotationY": -45,
							"children": []
						}
					]
				},
				{
					"name": "bottom2",
					"rotationOrigin": [10, 0, 4],
					"from": [0, 0, 0],
					"to": [0, 0, 0],
					"parent": "body",
					"faces": {
						"north": {
							"texture": "#",
							"uv": [0, 0, 0, 0]
						},
						"east": {
							"texture": "#",
							"uv": [0, 0, 0, 0]
						},
						"south": {
							"texture": "#",
							"uv": [0, 0, 0, 0]
						},
						"west": {
							"texture": "#",
							"uv": [0, 0, 0, 0]
						},
						"up": {
							"texture": "#",
							"uv": [0, 0, 0, 0]
						},
						"down": {
							"texture": "#",
							"uv": [0, 0, 0, 0]
						}
					},
					"children": [
						{
							"name": "cube51",
							"from": [6.6613, 0.5, 10.5],
							"to": [9.3613, 1, 11],
							"rotationOrigin": [11, 0, 10.5],
							"faces": {
								"north": { "reflectiveMode": 2,
									"texture": "#body",
									"uv": [6.6387, 15, 9.3387, 15.5],
									"autoUv": false
								},
								"east": { "reflectiveMode": 2,
									"texture": "#body",
									"uv": [5, 15, 5.5, 15.5],
									"autoUv": false
								},
								"south": { "reflectiveMode": 2,
									"texture": "#body",
									"uv": [6.6613, 15, 9.3613, 15.5],
									"autoUv": false
								},
								"west": { "reflectiveMode": 2,
									"texture": "#body",
									"uv": [10.5, 15, 11, 15.5],
									"autoUv": false
								},
								"up": { "reflectiveMode": 2,
									"texture": "#body",
									"uv": [6.6613, 10.5, 9.3613, 11],
									"autoUv": false
								},
								"down": { "reflectiveMode": 2,
									"texture": "#body",
									"uv": [6.6613, 5, 9.3613, 5.5],
									"autoUv": false
								}
							},
							"parent": "bottom2",
							"children": []
						},
						{
							"name": "cube52",
							"from": [6.6613, 0.5, 5],
							"to": [9.3613, 1, 5.5],
							"rotationOrigin": [11, 0, 5.5],
							"faces": {
								"north": { "reflectiveMode": 2,
									"texture": "#body",
									"uv": [6.6387, 15, 9.3387, 15.5],
									"autoUv": false
								},
								"east": { "reflectiveMode": 2,
									"texture": "#body",
									"uv": [10.5, 15, 11, 15.5],
									"autoUv": false
								},
								"south": { "reflectiveMode": 2,
									"texture": "#body",
									"uv": [6.6613, 15, 9.3613, 15.5],
									"autoUv": false
								},
								"west": { "reflectiveMode": 2,
									"texture": "#body",
									"uv": [5, 15, 5.5, 15.5],
									"autoUv": false
								},
								"up": { "reflectiveMode": 2,
									"texture": "#body",
									"uv": [6.6613, 5, 9.3613, 5.5],
									"autoUv": false
								},
								"down": { "reflectiveMode": 2,
									"texture": "#body",
									"uv": [6.6613, 10.5, 9.3613, 11],
									"autoUv": false
								}
							},
							"parent": "bottom2",
							"children": []
						},
						{
							"name": "cube53",
							"from": [10.5, 0.5, 6.6387],
							"to": [11, 1, 9.3387],
							"rotationOrigin": [10.5, 0, 5],
							"faces": {
								"north": { "reflectiveMode": 2,
									"texture": "#body",
									"uv": [5, 15, 5.5, 15.5],
									"autoUv": false
								},
								"east": { "reflectiveMode": 2,
									"texture": "#body",
									"uv": [6.6613, 15, 9.3613, 15.5],
									"autoUv": false
								},
								"south": { "reflectiveMode": 2,
									"texture": "#body",
									"uv": [10.5, 15, 11, 15.5],
									"autoUv": false
								},
								"west": { "reflectiveMode": 2,
									"texture": "#body",
									"uv": [6.6387, 15, 9.3387, 15.5],
									"autoUv": false
								},
								"up": { "reflectiveMode": 2,
									"texture": "#body",
									"uv": [10.5, 6.6387, 11, 9.3387],
									"autoUv": false,
									"rotation": 270
								},
								"down": { "reflectiveMode": 2,
									"texture": "#body",
									"uv": [10.5, 6.6613, 11, 9.3613],
									"autoUv": false,
									"rotation": 90
								}
							},
							"parent": "bottom2",
							"children": []
						},
						{
							"name": "cube54",
							"from": [5, 0.5, 6.6387],
							"to": [5.5, 1.1, 9.3387],
							"rotationOrigin": [5.5, 0, 5],
							"faces": {
								"north": { "reflectiveMode": 2,
									"texture": "#body",
									"uv": [10.5, 14.9, 11, 15.5],
									"autoUv": false
								},
								"east": { "reflectiveMode": 2,
									"texture": "#body",
									"uv": [6.6613, 14.9, 9.3613, 15.5],
									"autoUv": false
								},
								"south": { "reflectiveMode": 2,
									"texture": "#body",
									"uv": [5, 14.9, 5.5, 15.5],
									"autoUv": false
								},
								"west": { "reflectiveMode": 2,
									"texture": "#body",
									"uv": [6.6387, 14.9, 9.3387, 15.5],
									"autoUv": false
								},
								"up": { "reflectiveMode": 2,
									"texture": "#body",
									"uv": [5, 6.6387, 5.5, 9.3387],
									"autoUv": false,
									"rotation": 270
								},
								"down": { "reflectiveMode": 2,
									"texture": "#body",
									"uv": [5, 6.6613, 5.5, 9.3613],
									"autoUv": false,
									"rotation": 90
								}
							},
							"parent": "bottom2",
							"children": []
						},
						{
							"name": "cube55",
							"from": [7.3863, 0.5, 7.8125],
							"to": [9.7238, 0.9995, 8.375],
							"rotationOrigin": [11.5375, 0, 7.325],
							"faces": {
								"north": { "reflectiveMode": 2,
									"texture": "#body",
									"uv": [6.2762, 15.0005, 8.6137, 15.5],
									"autoUv": false
								},
								"east": { "reflectiveMode": 2,
									"texture": "#body",
									"uv": [7.625, 15.0005, 8.1875, 15.5],
									"autoUv": false
								},
								"south": { "reflectiveMode": 2,
									"texture": "#body",
									"uv": [7.3863, 15.0005, 9.7238, 15.5],
									"autoUv": false
								},
								"west": { "reflectiveMode": 2,
									"texture": "#body",
									"uv": [7.8125, 15.0005, 8.375, 15.5],
									"autoUv": false
								},
								"up": { "reflectiveMode": 2,
									"texture": "#body",
									"uv": [7.3863, 7.8125, 9.7238, 8.375],
									"autoUv": false
								},
								"down": { "reflectiveMode": 2,
									"texture": "#body",
									"uv": [7.3863, 7.625, 9.7238, 8.1875],
									"autoUv": false
								}
							},
							"parent": "bottom2",
							"rotationY": 45,
							"children": []
						},
						{
							"name": "cube56",
							"from": [6.2887, 0.5, 7.6125],
							"to": [8.6262, 0.9995, 8.175],
							"rotationOrigin": [4.475, 0, 8.675],
							"faces": {
								"north": { "reflectiveMode": 2,
									"texture": "#body",
									"uv": [7.3738, 15.0005, 9.7113, 15.5],
									"autoUv": false
								},
								"east": { "reflectiveMode": 2,
									"texture": "#body",
									"uv": [7.825, 15.0005, 8.3875, 15.5],
									"autoUv": false
								},
								"south": { "reflectiveMode": 2,
									"texture": "#body",
									"uv": [6.2887, 15.0005, 8.6262, 15.5],
									"autoUv": false
								},
								"west": { "reflectiveMode": 2,
									"texture": "#body",
									"uv": [7.6125, 15.0005, 8.175, 15.5],
									"autoUv": false
								},
								"up": { "reflectiveMode": 2,
									"texture": "#body",
									"uv": [6.2887, 7.6125, 8.6262, 8.175],
									"autoUv": false
								},
								"down": { "reflectiveMode": 2,
									"texture": "#body",
									"uv": [6.2887, 7.825, 8.6262, 8.3875],
									"autoUv": false
								}
							},
							"parent": "bottom2",
							"rotationY": 45,
							"children": []
						},
						{
							"name": "cube57",
							"from": [6.2762, 0.5, 7.8125],
							"to": [8.6387, 0.9995, 8.3625],
							"rotationOrigin": [4.475, 0, 7.3],
							"faces": {
								"north": { "reflectiveMode": 2,
									"texture": "#body",
									"uv": [7.3613, 15.0005, 9.7238, 15.5],
									"autoUv": false
								},
								"east": { "reflectiveMode": 2,
									"texture": "#body",
									"uv": [7.6375, 15.0005, 8.1875, 15.5],
									"autoUv": false
								},
								"south": { "reflectiveMode": 2,
									"texture": "#body",
									"uv": [6.2762, 15.0005, 8.6387, 15.5],
									"autoUv": false
								},
								"west": { "reflectiveMode": 2,
									"texture": "#body",
									"uv": [7.8125, 15.0005, 8.3625, 15.5],
									"autoUv": false
								},
								"up": { "reflectiveMode": 2,
									"texture": "#body",
									"uv": [6.2762, 7.8125, 8.6387, 8.3625],
									"autoUv": false
								},
								"down": { "reflectiveMode": 2,
									"texture": "#body",
									"uv": [6.2762, 7.6375, 8.6387, 8.1875],
									"autoUv": false
								}
							},
							"parent": "bottom2",
							"rotationY": -45,
							"children": []
						},
						{
							"name": "cube58",
							"from": [7.3988, 0.5, 7.6],
							"to": [9.7113, 0.9995, 8.1625],
							"rotationOrigin": [11.525, 0, 8.675],
							"faces": {
								"north": { "reflectiveMode": 2,
									"texture": "#body",
									"uv": [6.2887, 15.0005, 8.6012, 15.5],
									"autoUv": false
								},
								"east": { "reflectiveMode": 2,
									"texture": "#body",
									"uv": [7.8375, 15.0005, 8.4, 15.5],
									"autoUv": false
								},
								"south": { "reflectiveMode": 2,
									"texture": "#body",
									"uv": [7.3988, 15.0005, 9.7113, 15.5],
									"autoUv": false
								},
								"west": { "reflectiveMode": 2,
									"texture": "#body",
									"uv": [7.6, 15.0005, 8.1625, 15.5],
									"autoUv": false
								},
								"up": { "reflectiveMode": 2,
									"texture": "#body",
									"uv": [7.3988, 7.6, 9.7113, 8.1625],
									"autoUv": false
								},
								"down": { "reflectiveMode": 2,
									"texture": "#body",
									"uv": [7.3988, 7.8375, 9.7113, 8.4],
									"autoUv": false
								}
							},
							"parent": "bottom2",
							"rotationY": -45,
							"children": []
						}
					]
				},
				{
					"name": "cube3",
					"from": [4.5, 1, 6.5613],
					"to": [5.5, 4.75, 9.4613],
					"rotationOrigin": [5, 0.5, 11],
					"faces": {
						"north": { "reflectiveMode": 2,
							"texture": "#body",
							"uv": [10.5, 11.25, 11.5, 15],
							"autoUv": false
						},
						"east": { "reflectiveMode": 2,
							"texture": "#body",
							"uv": [6.5387, 11.25, 9.4387, 15],
							"autoUv": false
						},
						"south": { "reflectiveMode": 2,
							"texture": "#body",
							"uv": [4.5, 11.25, 5.5, 15],
							"autoUv": false
						},
						"west": { "reflectiveMode": 2,
							"texture": "#body",
							"uv": [6.5613, 11.25, 9.4613, 15],
							"autoUv": false
						},
						"up": { "reflectiveMode": 2,
							"texture": "#body",
							"uv": [4.5, 6.5613, 5.5, 9.4613],
							"autoUv": false,
							"rotation": 270
						},
						"down": { "reflectiveMode": 2,
							"texture": "#body",
							"uv": [4.5, 6.5387, 5.5, 9.4387],
							"autoUv": false,
							"rotation": 90
						}
					},
					"parent": "body",
					"children": []
				},
				{
					"name": "cube4",
					"from": [9.5387, 1.0005, 3.25],
					"to": [12.4387, 4.7405, 4.275],
					"rotationOrigin": [8, 0.5, 3.75],
					"faces": {
						"north": { "reflectiveMode": 2,
							"texture": "#body",
							"uv": [3.5613, 11.2595, 6.4613, 14.9995],
							"autoUv": false
						},
						"east": { "reflectiveMode": 2,
							"texture": "#body",
							"uv": [11.725, 11.2595, 12.75, 14.9995],
							"autoUv": false
						},
						"south": { "reflectiveMode": 2,
							"texture": "#body",
							"uv": [9.5387, 11.2595, 12.4387, 14.9995],
							"autoUv": false
						},
						"west": { "reflectiveMode": 2,
							"texture": "#body",
							"uv": [3.25, 11.2595, 4.275, 14.9995],
							"autoUv": false
						},
						"up": { "reflectiveMode": 2,
							"texture": "#body",
							"uv": [9.5387, 3.25, 12.4387, 4.275],
							"autoUv": false
						},
						"down": { "reflectiveMode": 2,
							"texture": "#body",
							"uv": [9.5387, 11.725, 12.4387, 12.75],
							"autoUv": false
						}
					},
					"parent": "body",
					"rotationY": -45,
					"children": []
				},
				{
					"name": "cube5",
					"from": [9.5387, 1.0005, 11.725],
					"to": [12.4387, 4.7405, 12.75],
					"rotationOrigin": [8, 0.5, 12.25],
					"faces": {
						"north": { "reflectiveMode": 2,
							"texture": "#body",
							"uv": [3.5613, 11.2595, 6.4613, 14.9995],
							"autoUv": false
						},
						"east": { "reflectiveMode": 2,
							"texture": "#body",
							"uv": [3.25, 11.2595, 4.275, 14.9995],
							"autoUv": false
						},
						"south": { "reflectiveMode": 2,
							"texture": "#body",
							"uv": [9.5387, 11.2595, 12.4387, 14.9995],
							"autoUv": false
						},
						"west": { "reflectiveMode": 2,
							"texture": "#body",
							"uv": [11.725, 11.2595, 12.75, 14.9995],
							"autoUv": false
						},
						"up": { "reflectiveMode": 2,
							"texture": "#body",
							"uv": [9.5387, 11.725, 12.4387, 12.75],
							"autoUv": false
						},
						"down": { "reflectiveMode": 2,
							"texture": "#body",
							"uv": [9.5387, 3.25, 12.4387, 4.275],
							"autoUv": false
						}
					},
					"parent": "body",
					"rotationY": 45,
					"children": []
				},
				{
					"name": "cube6",
					"from": [6.5613, 1, 4.5],
					"to": [9.4613, 4.75, 5.5],
					"rotationOrigin": [11, 0.5, 5],
					"faces": {
						"north": { "reflectiveMode": 2,
							"texture": "#body",
							"uv": [6.5387, 11.25, 9.4387, 15],
							"autoUv": false
						},
						"east": { "reflectiveMode": 2,
							"texture": "#body",
							"uv": [10.5, 11.25, 11.5, 15],
							"autoUv": false
						},
						"south": { "reflectiveMode": 2,
							"texture": "#body",
							"uv": [6.5613, 11.25, 9.4613, 15],
							"autoUv": false
						},
						"west": { "reflectiveMode": 2,
							"texture": "#body",
							"uv": [4.5, 11.25, 5.5, 15],
							"autoUv": false
						},
						"up": { "reflectiveMode": 2,
							"texture": "#body",
							"uv": [6.5613, 4.5, 9.4613, 5.5],
							"autoUv": false
						},
						"down": { "reflectiveMode": 2,
							"texture": "#body",
							"uv": [6.5613, 10.5, 9.4613, 11.5],
							"autoUv": false
						}
					},
					"parent": "body",
					"children": []
				},
				{
					"name": "cube7",
					"from": [3.5613, 1.0005, 11.725],
					"to": [6.4613, 4.7405, 12.75],
					"rotationOrigin": [8, 0.5, 12.25],
					"faces": {
						"north": { "reflectiveMode": 2,
							"texture": "#body",
							"uv": [9.5387, 11.2595, 12.4387, 14.9995],
							"autoUv": false
						},
						"east": { "reflectiveMode": 2,
							"texture": "#body",
							"uv": [3.25, 11.2595, 4.275, 14.9995],
							"autoUv": false
						},
						"south": { "reflectiveMode": 2,
							"texture": "#body",
							"uv": [3.5613, 11.2595, 6.4613, 14.9995],
							"autoUv": false
						},
						"west": { "reflectiveMode": 2,
							"texture": "#body",
							"uv": [11.725, 11.2595, 12.75, 14.9995],
							"autoUv": false
						},
						"up": { "reflectiveMode": 2,
							"texture": "#body",
							"uv": [3.5613, 11.725, 6.4613, 12.75],
							"autoUv": false
						},
						"down": { "reflectiveMode": 2,
							"texture": "#body",
							"uv": [3.5613, 3.25, 6.4613, 4.275],
							"autoUv": false
						}
					},
					"parent": "body",
					"rotationY": -45,
					"children": []
				},
				{
					"name": "cube8",
					"from": [3.5613, 1.0005, 3.25],
					"to": [6.4613, 4.7405, 4.275],
					"rotationOrigin": [8, 0.5, 3.75],
					"faces": {
						"north": { "reflectiveMode": 2,
							"texture": "#body",
							"uv": [9.5387, 11.2595, 12.4387, 14.9995],
							"autoUv": false
						},
						"east": { "reflectiveMode": 2,
							"texture": "#body",
							"uv": [11.725, 11.2595, 12.75, 14.9995],
							"autoUv": false
						},
						"south": { "reflectiveMode": 2,
							"texture": "#body",
							"uv": [3.5613, 11.2595, 6.4613, 14.9995],
							"autoUv": false
						},
						"west": { "reflectiveMode": 2,
							"texture": "#body",
							"uv": [3.25, 11.2595, 4.275, 14.9995],
							"autoUv": false
						},
						"up": { "reflectiveMode": 2,
							"texture": "#body",
							"uv": [3.5613, 3.25, 6.4613, 4.275],
							"autoUv": false
						},
						"down": { "reflectiveMode": 2,
							"texture": "#body",
							"uv": [3.5613, 11.725, 6.4613, 12.75],
							"autoUv": false
						}
					},
					"parent": "body",
					"rotationY": 45,
					"children": []
				},
				{
					"name": "cube9",
					"from": [10.5, 1, 6.5613],
					"to": [11.5, 4.75, 9.4613],
					"rotationOrigin": [11, 0.5, 11],
					"faces": {
						"north": { "reflectiveMode": 2,
							"texture": "#body",
							"uv": [4.5, 11.25, 5.5, 15],
							"autoUv": false
						},
						"east": { "reflectiveMode": 2,
							"texture": "#body",
							"uv": [6.5387, 11.25, 9.4387, 15],
							"autoUv": false
						},
						"south": { "reflectiveMode": 2,
							"texture": "#body",
							"uv": [10.5, 11.25, 11.5, 15],
							"autoUv": false
						},
						"west": { "reflectiveMode": 2,
							"texture": "#body",
							"uv": [6.5613, 11.25, 9.4613, 15],
							"autoUv": false
						},
						"up": { "reflectiveMode": 2,
							"texture": "#body",
							"uv": [10.5, 6.5613, 11.5, 9.4613],
							"autoUv": false,
							"rotation": 270
						},
						"down": { "reflectiveMode": 2,
							"texture": "#body",
							"uv": [10.5, 6.5387, 11.5, 9.4387],
							"autoUv": false,
							"rotation": 90
						}
					},
					"parent": "body",
					"children": []
				},
				{
					"name": "cube11",
					"from": [6.5613, 1, 10.5],
					"to": [9.4613, 4.75, 11.5],
					"rotationOrigin": [11, 0.5, 11],
					"faces": {
						"north": { "reflectiveMode": 2,
							"texture": "#body",
							"uv": [6.5387, 11.25, 9.4387, 15],
							"autoUv": false
						},
						"east": { "reflectiveMode": 2,
							"texture": "#body",
							"uv": [4.5, 11.25, 5.5, 15],
							"autoUv": false
						},
						"south": { "reflectiveMode": 2,
							"texture": "#body",
							"uv": [6.5613, 11.25, 9.4613, 15],
							"autoUv": false
						},
						"west": { "reflectiveMode": 2,
							"texture": "#body",
							"uv": [10.5, 11.25, 11.5, 15],
							"autoUv": false
						},
						"up": { "reflectiveMode": 2,
							"texture": "#body",
							"uv": [6.5613, 10.5, 9.4613, 11.5],
							"autoUv": false
						},
						"down": { "reflectiveMode": 2,
							"texture": "#body",
							"uv": [6.5613, 4.5, 9.4613, 5.5],
							"autoUv": false
						}
					},
					"parent": "body",
					"children": []
				}
			]
		},
		{
			"name": "bottom",
			"rotationOrigin": [10, 0, 4],
			"from": [0, 0, 0],
			"to": [0, 0, 0],
			"parent": null,
			"faces": {
				"north": {
					"texture": "#",
					"uv": [0, 0, 0, 0]
				},
				"east": {
					"texture": "#",
					"uv": [0, 0, 0, 0]
				},
				"south": {
					"texture": "#",
					"uv": [0, 0, 0, 0]
				},
				"west": {
					"texture": "#",
					"uv": [0, 0, 0, 0]
				},
				"up": {
					"texture": "#",
					"uv": [0, 0, 0, 0]
				},
				"down": {
					"texture": "#",
					"uv": [0, 0, 0, 0]
				}
			},
			"children": [
				{
					"name": "cube28",
					"from": [6.9863, 0, 8],
					"to": [9.0363, 0.5, 10.5],
					"rotationOrigin": [11, -0.5, 10],
					"faces": {
						"north": {
							"texture": "#bottom",
							"uv": [6.9637, 15.5, 9.0137, 16],
							"autoUv": false
						},
						"east": {
							"texture": "#bottom",
							"uv": [5.5, 15.5, 8, 16],
							"autoUv": false
						},
						"south": {
							"texture": "#bottom",
							"uv": [6.9863, 15.5, 9.0363, 16],
							"autoUv": false
						},
						"west": {
							"texture": "#bottom",
							"uv": [8, 15.5, 10.5, 16],
							"autoUv": false
						},
						"up": {
							"texture": "#bottom",
							"uv": [6.9863, 8, 9.0363, 10.5],
							"autoUv": false
						},
						"down": {
							"texture": "#bottom",
							"uv": [6.9863, 5.5, 9.0363, 8],
							"autoUv": false
						}
					},
					"parent": "bottom",
					"children": []
				},
				{
					"name": "cube29",
					"from": [6.9863, 0, 5.5],
					"to": [9.0363, 0.5, 8],
					"rotationOrigin": [11, -0.5, 6],
					"faces": {
						"north": {
							"texture": "#bottom",
							"uv": [6.9637, 15.5, 9.0137, 16],
							"autoUv": false
						},
						"east": {
							"texture": "#bottom",
							"uv": [8, 15.5, 10.5, 16],
							"autoUv": false
						},
						"south": {
							"texture": "#bottom",
							"uv": [6.9863, 15.5, 9.0363, 16],
							"autoUv": false
						},
						"west": {
							"texture": "#bottom",
							"uv": [5.5, 15.5, 8, 16],
							"autoUv": false
						},
						"up": {
							"texture": "#bottom",
							"uv": [6.9863, 5.5, 9.0363, 8],
							"autoUv": false
						},
						"down": {
							"texture": "#bottom",
							"uv": [6.9863, 8, 9.0363, 10.5],
							"autoUv": false
						}
					},
					"parent": "bottom",
					"children": []
				},
				{
					"name": "cube30",
					"from": [9, 0, 6.9387],
					"to": [10.5, 0.5, 9.0387],
					"rotationOrigin": [10, -0.5, 5],
					"faces": {
						"north": {
							"texture": "#bottom",
							"uv": [5.5, 15.5, 7, 16],
							"autoUv": false
						},
						"east": {
							"texture": "#bottom",
							"uv": [6.9613, 15.5, 9.0613, 16],
							"autoUv": false
						},
						"south": {
							"texture": "#bottom",
							"uv": [9, 15.5, 10.5, 16],
							"autoUv": false
						},
						"west": {
							"texture": "#bottom",
							"uv": [6.9387, 15.5, 9.0387, 16],
							"autoUv": false
						},
						"up": {
							"texture": "#bottom",
							"uv": [9, 6.9387, 10.5, 9.0387],
							"autoUv": false,
							"rotation": 270
						},
						"down": {
							"texture": "#bottom",
							"uv": [9, 6.9613, 10.5, 9.0613],
							"autoUv": false,
							"rotation": 90
						}
					},
					"parent": "bottom",
					"children": []
				},
				{
					"name": "cube31",
					"from": [5.5, 0, 6.9387],
					"to": [7, 0.5, 9.0387],
					"rotationOrigin": [6, -0.5, 5],
					"faces": {
						"north": {
							"texture": "#bottom",
							"uv": [9, 15.5, 10.5, 16],
							"autoUv": false
						},
						"east": {
							"texture": "#bottom",
							"uv": [6.9613, 15.5, 9.0613, 16],
							"autoUv": false
						},
						"south": {
							"texture": "#bottom",
							"uv": [5.5, 15.5, 7, 16],
							"autoUv": false
						},
						"west": {
							"texture": "#bottom",
							"uv": [6.9387, 15.5, 9.0387, 16],
							"autoUv": false
						},
						"up": {
							"texture": "#bottom",
							"uv": [5.5, 6.9387, 7, 9.0387],
							"autoUv": false,
							"rotation": 270
						},
						"down": {
							"texture": "#bottom",
							"uv": [5.5, 6.9613, 7, 9.0613],
							"autoUv": false,
							"rotation": 90
						}
					},
					"parent": "bottom",
					"children": []
				},
				{
					"name": "cube32",
					"from": [7.5113, 0.002, 6.775],
					"to": [9.5738, 0.5015, 7.825],
					"rotationOrigin": [11.525, -0.5, 7.325],
					"faces": {
						"north": {
							"texture": "#bottom",
							"uv": [6.4262, 15.4985, 8.4887, 15.998],
							"autoUv": false
						},
						"east": {
							"texture": "#bottom",
							"uv": [8.175, 15.4985, 9.225, 15.998],
							"autoUv": false
						},
						"south": {
							"texture": "#bottom",
							"uv": [7.5113, 15.4985, 9.5738, 15.998],
							"autoUv": false
						},
						"west": {
							"texture": "#bottom",
							"uv": [6.775, 15.4985, 7.825, 15.998],
							"autoUv": false
						},
						"up": {
							"texture": "#bottom",
							"uv": [7.5113, 6.775, 9.5738, 7.825],
							"autoUv": false
						},
						"down": {
							"texture": "#bottom",
							"uv": [7.5113, 8.175, 9.5738, 9.225],
							"autoUv": false
						}
					},
					"parent": "bottom",
					"rotationY": 45,
					"children": []
				},
				{
					"name": "cube33",
					"from": [6.4262, 0.002, 8.175],
					"to": [8.4887, 0.5015, 9.225],
					"rotationOrigin": [4.475, -0.5, 8.675],
					"faces": {
						"north": {
							"texture": "#bottom",
							"uv": [7.5113, 15.4985, 9.5738, 15.998],
							"autoUv": false
						},
						"east": {
							"texture": "#bottom",
							"uv": [6.775, 15.4985, 7.825, 15.998],
							"autoUv": false
						},
						"south": {
							"texture": "#bottom",
							"uv": [6.4262, 15.4985, 8.4887, 15.998],
							"autoUv": false
						},
						"west": {
							"texture": "#bottom",
							"uv": [8.175, 15.4985, 9.225, 15.998],
							"autoUv": false
						},
						"up": {
							"texture": "#bottom",
							"uv": [6.4262, 8.175, 8.4887, 9.225],
							"autoUv": false
						},
						"down": {
							"texture": "#bottom",
							"uv": [6.4262, 6.775, 8.4887, 7.825],
							"autoUv": false
						}
					},
					"parent": "bottom",
					"rotationY": 45,
					"children": []
				},
				{
					"name": "cube34",
					"from": [6.4262, 0.002, 6.775],
					"to": [8.4887, 0.5015, 7.825],
					"rotationOrigin": [4.475, -0.5, 7.325],
					"faces": {
						"north": {
							"texture": "#bottom",
							"uv": [7.5113, 15.4985, 9.5738, 15.998],
							"autoUv": false
						},
						"east": {
							"texture": "#bottom",
							"uv": [8.175, 15.4985, 9.225, 15.998],
							"autoUv": false
						},
						"south": {
							"texture": "#bottom",
							"uv": [6.4262, 15.4985, 8.4887, 15.998],
							"autoUv": false
						},
						"west": {
							"texture": "#bottom",
							"uv": [6.775, 15.4985, 7.825, 15.998],
							"autoUv": false
						},
						"up": {
							"texture": "#bottom",
							"uv": [6.4262, 6.775, 8.4887, 7.825],
							"autoUv": false
						},
						"down": {
							"texture": "#bottom",
							"uv": [6.4262, 8.175, 8.4887, 9.225],
							"autoUv": false
						}
					},
					"parent": "bottom",
					"rotationY": -45,
					"children": []
				},
				{
					"name": "cube35",
					"from": [7.5113, 0.002, 8.175],
					"to": [9.5738, 0.5015, 9.225],
					"rotationOrigin": [11.525, -0.5, 8.675],
					"faces": {
						"north": {
							"texture": "#bottom",
							"uv": [6.4262, 15.4985, 8.4887, 15.998],
							"autoUv": false
						},
						"east": {
							"texture": "#bottom",
							"uv": [6.775, 15.4985, 7.825, 15.998],
							"autoUv": false
						},
						"south": {
							"texture": "#bottom",
							"uv": [7.5113, 15.4985, 9.5738, 15.998],
							"autoUv": false
						},
						"west": {
							"texture": "#bottom",
							"uv": [8.175, 15.4985, 9.225, 15.998],
							"autoUv": false
						},
						"up": {
							"texture": "#bottom",
							"uv": [7.5113, 8.175, 9.5738, 9.225],
							"autoUv": false
						},
						"down": {
							"texture": "#bottom",
							"uv": [7.5113, 6.775, 9.5738, 7.825],
							"autoUv": false
						}
					},
					"parent": "bottom",
					"rotationY": -45,
					"children": []
				}
			]
		},
		{
			"name": "contents",
			"rotationOrigin": [10, 0, 4],
			"from": [0, 0, 0],
			"to": [0, 0, 0],
			"parent": null,
			"faces": {
				"north": {
					"texture": "#",
					"uv": [0, 0, 0, 0]
				},
				"east": {
					"texture": "#",
					"uv": [0, 0, 0, 0]
				},
				"south": {
					"texture": "#",
					"uv": [0, 0, 0, 0]
				},
				"west": {
					"texture": "#",
					"uv": [0, 0, 0, 0]
				},
				"up": {
					"texture": "#",
					"uv": [0, 0, 0, 0]
				},
				"down": {
					"texture": "#",
					"uv": [0, 0, 0, 0]
				}
			},
			"children": [
				{
					"name": "cube48",
					"from": [5.2113, 1.01, 6.5],
					"to": [5.9863, 4.91, 9.5],
					"rotationOrigin": [11, 0.5, 10],
					"faces": {
						"north": {
							"texture": "#water_bucket",
							"uv": [10.0137, 11.09, 10.7887, 14.99],
							"autoUv": false
						},
						"east": {
							"texture": "#water_bucket",
							"uv": [6.5, 11.09, 9.5, 14.99],
							"autoUv": false
						},
						"south": {
							"texture": "#water_bucket",
							"uv": [4.9863, 11.09, 5.7613, 14.99],
							"autoUv": false
						},
						"west": {
							"texture": "#water_bucket",
							"uv": [6.5, 11.09, 9.5, 14.99],
							"autoUv": false
						},
						"up": {
							"texture": "#water_bucket",
							"uv": [4.9863, 6.5, 5.7613, 9.5],
							"autoUv": false
						},
						"down": {
							"texture": "#water_bucket",
							"uv": [4.9863, 6.5, 5.7613, 9.5],
							"autoUv": false
						}
					},
					"parent": "contents",
					"children": []
				},
				{
					"name": "cube49",
					"from": [10.0137, 1.01, 6.5],
					"to": [10.7387, 4.91, 9.5],
					"rotationOrigin": [5, 0.5, 10],
					"faces": {
						"north": {
							"texture": "#water_bucket",
							"uv": [4.9863, 11.09, 5.7113, 14.99],
							"autoUv": false
						},
						"east": {
							"texture": "#water_bucket",
							"uv": [6.5, 11.09, 9.5, 14.99],
							"autoUv": false
						},
						"south": {
							"texture": "#water_bucket",
							"uv": [10.0137, 11.09, 10.7387, 14.99],
							"autoUv": false
						},
						"west": {
							"texture": "#water_bucket",
							"uv": [6.5, 11.09, 9.5, 14.99],
							"autoUv": false
						},
						"up": {
							"texture": "#water_bucket",
							"uv": [10.0137, 6.5, 10.7387, 9.5],
							"autoUv": false
						},
						"down": {
							"texture": "#water_bucket",
							"uv": [10.0137, 6.5, 10.7387, 9.5],
							"autoUv": false
						}
					},
					"parent": "contents",
					"children": []
				},
				{
					"name": "cube50",
					"from": [5.9863, 1.01, 5.7375],
					"to": [10.0363, 4.91, 10.225],
					"rotationOrigin": [11, 0.5, 10],
					"faces": {
						"north": {
							"texture": "#water_bucket",
							"uv": [5.9637, 11.09, 10.0137, 14.99],
							"autoUv": false
						},
						"east": {
							"texture": "#water_bucket",
							"uv": [5.5, 11.09, 9.9875, 14.99],
							"autoUv": false
						},
						"south": {
							"texture": "#water_bucket",
							"uv": [5.9863, 11.09, 10.0363, 14.99],
							"autoUv": false
						},
						"west": {
							"texture": "#water_bucket",
							"uv": [5.5, 11.09, 9.9875, 14.99],
							"autoUv": false
						},
						"up": {
							"texture": "#water_bucket",
							"uv": [5.9863, 5.5, 10.0363, 9.9875],
							"autoUv": false
						},
						"down": {
							"texture": "#water_bucket",
							"uv": [5.9863, 5.5, 10.0363, 9.9875],
							"autoUv": false
						}
					},
					"parent": "contents",
					"children": []
				},
				{
					"name": "cube65",
					"from": [7.7363, 3.0725, 2.95],
					"to": [8.2863, 4.1625, 3.55],
					"rotationOrigin": [8.0113, 3.3175, 3.2125],
					"faces": {
						"north": {
							"texture": "#water_bucket",
							"uv": [7.7137, 11.5875, 8.2637, 12.6775],
							"autoUv": false
						},
						"east": {
							"texture": "#water_bucket",
							"uv": [12.45, 11.5875, 13.05, 12.6775],
							"autoUv": false
						},
						"south": {
							"texture": "#water_bucket",
							"uv": [7.7363, 11.5875, 8.2863, 12.6775],
							"autoUv": false
						},
						"west": {
							"texture": "#water_bucket",
							"uv": [2.95, 11.5875, 3.55, 12.6775],
							"autoUv": false
						},
						"up": {
							"texture": "#water_bucket",
							"uv": [7.7363, 2.95, 8.2863, 3.55],
							"autoUv": false
						},
						"down": {
							"texture": "#water_bucket",
							"uv": [7.7363, 12.45, 8.2863, 13.05],
							"autoUv": false
						}
					},
					"parent": "contents",
					"rotationX": -45,
					"children": []
				}
			]
		}
	],
	"animations": []
}