[
  {
    "code": "balancedthirst-purewater",
    "triesPerChunk": 2,
    "withOreMap": true,
    "generator": "disc-followsurface",
    "scaleWithWorldheight": false,
    "withBlockCallback": false,
    "handbookPageCode": "balancedthirst-purewater",
    "attributes": {
      "inblock": { "code": "soil-*", "name": "fertcover", "allowedVariants": ["low-none", "medium-none" ] }, 
      "placeblock": { "code": "balancedthirst-purewater-still-7" },
      "surfaceBlock": { "code": "waterlily" },
      "surfaceBlockChance": 0.05,
      "radius": { "dist": "gaussian", "avg": 5, "var": 2.5 },
      "yPosRel": {"dist": "uniform", "avg": 0.965, "var": 0.03 },
      "thickness": { "dist": "stronginvexp", "avg": 1, "var": 1 }
    },
    "climate": {
      "minRain": 0.27,
      "maxTemp": 35
    }
  }
]