{
  "code": "kettle-clay",
  "classByType": {
    "*-raw": "Block",
    "*": "BlockLiquidContainerTopOpened"
  },
  "behaviors": [
    { "name": "GroundStorable", "properties": { "layout": "Quadrants", "collisionBox": { "x1": 0, "y1": 0, "z1": 0, "x2": 1, "y2": 0.4375, "z2": 1 } } },
    { "name": "Unplaceable", "__comment": "The ground storable obsoletes this being a block. Should be an item, but is kept a block for backwards compatibility" },
    { "name": "RightClickPickup"}
  ],
  "variantgroups": [
    { "code": "type", "states": ["raw", "fired"] }
  ],
  "attributes": {
    "shelvable": true,
    "liquidContainerPropsByType": {
      "*-raw": { },
      "*": {
        "capacityLitres": 8,
        "transferSizeLitres": 1,
        "emptyShapeLoc": "game:block/clay/pot-opened-empty",
        "opaqueContentShapeLoc": "block/kettle-contents",
        "liquidContentShapeLoc": "block/kettle-liquidcontents",
        "liquidMaxYTranslate": 0.05
      }
    }
  },
  "attributesByType": {
    "*-raw": { },
    "*": {
      "maxTemperature": 100,
      "allowHeating": true,
      "inFirePitProps": {
        "transform": {
          "translation": { "x": 0, "y": 0.125, "z": 0 }
        },
        "useFirepitModel": "Wide"
      }
    }
  },
  "combustiblePropsByType": {
    "*-raw": {
      "meltingPoint": 600,
      "meltingDuration": 45,
      "smeltedRatio": 1,
      "smeltingType": "fire",
      "smeltedStack": { "type": "block", "code": "balancedthirst:kettle-clay-fired" },
      "requiresContainer": false
    }
  },
  "shape": { "base": "game:block/clay/pot-opened-empty" },
  "heldTpIdleAnimation": "holdbothhands",
  "heldTpUseAnimation": "twohandplaceblock",
  "doNotRenderAtLod2": true,
  "blockmaterial": "Ceramic",
  "creativeinventory": { "general": ["*"], "decorative": ["*"] },
  "liquidSelectable": 1,
  "replaceable": 400,
  "resistance": 1.5,
  "maxStackSizeByType": {
    "*": 1
  },
  "lightAbsorption": 0,
  "texturesByType": {
    "*-raw": {
      "all": { "base": "game:block/clay/blueclay" }
    },
    "*-fired": {
      "ceramic": { "base": "game:block/clay/pot-side" },
      "lid": { "base": "game:block/wood/crate/oak-inside" },
      "tallow": { "base": "game:block/wood/crate/oak-inside" }
    },
    "*": {
      "ceramic": { "base": "game:block/metal/ingot/{material}" },
      "lid": { "base": "game:block/wood/crate/oak-inside" },
      "tallow": { "base": "game:block/wood/crate/oak-inside" }
    }
  },
  "sounds": {
    "place": "game:walk/stone",
    "hit": "game:walk/stone",
    "break": "game:walk/stone",
    "walk": "game:walk/stone"
  },
  "sideopaque": {
    "all": false
  },
  "sidesolid": {
    "all": false
  },
  "collisionbox": { "x1": 0.28, "y1": 0, "z1": 0.28, "x2": 0.72, "y2": 0.35, "z2": 0.72 },
  "selectionbox": { "x1": 0.28, "y1": 0, "z1": 0.28, "x2": 0.72, "y2": 0.35, "z2": 0.72 },
  "guiTransform": {
    "origin": { "x": 0.5, "y": 0.2, "z": 0.5 },
    "scale": 2
  },
  "groundTransform": {
    "scale": 3
  },
  "fpHandTransform": {
    "translation": { "x": 0, "y": 0.1, "z": 0.5 },
    "scale": 2
  },
  "tpHandTransform": {
    "translation": { "x": -0.7, "y": 0.06, "z": -0.47 },
    "rotation": { "x": -52, "y": 20, "z": -110 },
    "origin": { "x": 0.5, "y": 0, "z": 0.5 },
    "scale": 0.76
  }
}