{
  "code": "dowsingrod",
  "class": "balancedthirst.ItemDowsingRod",
  "behaviors": [
    { "name": "GroundStorable", "properties": { "layout": "Quadrants", "collisionBox": { "x1": 0, "y1": 0, "z1": 0, "x2": 1, "y2": 0.125, "z2": 1 } } }
  ],
  "variantgroups": [
    { "code": "metal", "states": ["copper", "tinbronze", "bismuthbronze", "blackbronze", "gold", "silver",
      "iron", "meteoriciron", "steel"
    ] }
  ],
  "shape": { "base": "balancedthirst:item/dowsingrod" },
  "attributes": {
    "rackable": true,
    "toolrackTransform": {
      "translation": { "x": 0.7, "y": 1.73, "z": 2.25 },
      "rotation": { "x": 90, "y": 0, "z": -90 },
      "origin": { "x": 0, "y": 0.5, "z": 0 },
      "scale": 1.73
    },
    "heatResistant": true,
    "groundStorageTransformByType": {
      "*": {
        "translation": { "x": -0.56, "y": 0.2, "z": -0.3 },
        "rotation": { "x": 90, "y": 0, "z": 45 },
        "scale": 1.2
      }
    }
  },
  "texturesByType": {
    "*": {
      "metal": { "base": "game:block/metal/ingot/{metal}" }
    }
  },
  "durabilitybytype": {
    "dowsingrod-copper": 600,
    "dowsingrod-gold": 1000,
    "dowsingrod-silver": 1000,
    "dowsingrod-tinbronze": 1000,
    "dowsingrod-bismuthbronze": 1200,
    "dowsingrod-blackbronze": 1400,
    "dowsingrod-iron": 2000,
    "dowsingrod-meteoriciron": 2800,
    "dowsingrod-steel": 6000
  },
  "creativeinventory": { "general": ["*"], "items": ["*"], "tools": ["*"] },
  "maxstacksize": 1,
  "materialDensity": 450,
  "attackRange": 2.5,
  "combustibleProps": {
    "burnTemperature": 700,
    "burnDuration": 8
  },
  "tpHandTransform": {
    "translation": { "x": -0.1, "y": 1.4, "z": -0.55 },
    "rotation": { "x": -67, "y": 6, "z": -100 },
    "origin": { "x": 0, "y": 0, "z": 0 },
    "scale": 0.67
  },
  "guiTransform": {
    "translation": { "x": 1, "y": -1, "z": 0 },
    "rotation": { "x": 0, "y": 0, "z": 142 },
    "origin": { "x": 1, "y": 0.4, "z": 0 },
    "scale": 2.33
  }
}