[
  {
    "ingredients": [
      {"inputs": [{ "type": "item", "code": "game:honeyportion",  "quantity": 10 }, { "type": "item", "code": "aculinaryartillery:eggyolkfullportion-*", "quantity": 10 }, { "type": "item", "code": "aculinaryartillery:eggyolkportion-*", "quantity": 10 }, { "type": "item", "code": "aculinaryartillery:eggwhiteportion", "quantity": 10 }, { "type": "item", "code": "expandedfoods:foodoilportion-*",  "quantity": 10 }, { "type": "item", "code": "expandedfoods:treesyrupportion-*",  "quantity": 10 }, { "type": "item", "code": "expandedfoods:fruitsyrupportion-*",  "quantity": 10 }, { "type": "item", "code": "expandedfoods:lard",  "quantity": 10 }, { "type": "item", "code": "expandedfoods:peanutliquid-butter",  "quantity": 10 }, { "type": "item", "code": "expandedfoods:peanutliquid-sauce",  "quantity": 10 }]},
      {"inputs": [{ "type": "item", "code": "expandedfoods:acornbreadcrumbs-*", "quantity": 1 }]},
      {"inputs": [{ "type": "item", "code": "game:flour-*", "quantity": 1 }, { "type": "item", "code": "acorns:flour-acorn", "quantity": 1 }]},
      {"inputs": [{ "type": "item", "code": "balancedthirst:vegetable-gourdpumpkin", "quantity": 1 }]}
    ],
    "output": { "type": "item", "code": "expandedfoods:acornbreadedvegetable-calabash-raw", "stackSize": 1}
  },
  {
    "ingredients": [
      {"inputs": [{ "type": "item", "code": "game:honeyportion",  "quantity": 10 }, { "type": "item", "code": "aculinaryartillery:eggyolkfullportion-*", "quantity": 10 }, { "type": "item", "code": "aculinaryartillery:eggyolkportion-*", "quantity": 10 }, { "type": "item", "code": "aculinaryartillery:eggwhiteportion", "quantity": 10 }, { "type": "item", "code": "expandedfoods:foodoilportion-*",  "quantity": 10 }, { "type": "item", "code": "expandedfoods:treesyrupportion-*",  "quantity": 10 }, { "type": "item", "code": "expandedfoods:fruitsyrupportion-*",  "quantity": 10 }, { "type": "item", "code": "expandedfoods:lard",  "quantity": 10 }, { "type": "item", "code": "expandedfoods:peanutliquid-butter",  "quantity": 10 }, { "type": "item", "code": "expandedfoods:peanutliquid-sauce",  "quantity": 10 }]},
      {"inputs": [{ "type": "item", "code": "expandedfoods:acornbreadcrumbs-*", "quantity": 1 }]},
      {"inputs": [{ "type": "item", "code": "game:flour-*", "quantity": 1 }, { "type": "item", "code": "acorns:flour-acorn", "quantity": 1 }]},
      {"inputs": [{ "type": "item", "code": "balancedthirst:pickledvegetable-gourdpumpkin", "quantity": 1 }]}
    ],
    "output": { "type": "item", "code": "expandedfoods:acornbreadedvegetable-pickledcalabasg-raw", "stackSize": 1}
  },
  {
    "ingredients": [
      {"inputs": [{ "type": "item", "code": "game:honeyportion",  "quantity": 10 }, { "type": "item", "code": "aculinaryartillery:eggyolkfullportion-*", "quantity": 10 }, { "type": "item", "code": "aculinaryartillery:eggyolkportion-*", "quantity": 10 }, { "type": "item", "code": "aculinaryartillery:eggwhiteportion", "quantity": 10 }, { "type": "item", "code": "expandedfoods:foodoilportion-*",  "quantity": 10 }, { "type": "item", "code": "expandedfoods:treesyrupportion-*",  "quantity": 10 }, { "type": "item", "code": "expandedfoods:fruitsyrupportion-*",  "quantity": 10 }, { "type": "item", "code": "expandedfoods:lard",  "quantity": 10 }, { "type": "item", "code": "expandedfoods:peanutliquid-butter",  "quantity": 10 }, { "type": "item", "code": "expandedfoods:peanutliquid-sauce",  "quantity": 10 }]},
      {"inputs": [{ "type": "item", "code": "expandedfoods:acornbreadcrumbs-*", "quantity": 1 }]},
      {"inputs": [{ "type": "item", "code": "game:flour-*", "quantity": 1 }, { "type": "item", "code": "acorns:flour-acorn", "quantity": 1 }]},
      {"inputs": [{ "type": "item", "code": "balancedthirst:vegetable-gourdpumpkin", "quantity": 1 }]},
      {"inputs": [{ "type": "item", "code": "game:salt", "quantity": 1 }]}
    ],
    "output": { "type": "item", "code": "expandedfoods:acornbreadedvegetable-calabash-raw", "stackSize": 1}
  },
  {
    "ingredients": [
      {"inputs": [{ "type": "item", "code": "game:honeyportion",  "quantity": 10 }, { "type": "item", "code": "aculinaryartillery:eggyolkfullportion-*", "quantity": 10 }, { "type": "item", "code": "aculinaryartillery:eggyolkportion-*", "quantity": 10 }, { "type": "item", "code": "aculinaryartillery:eggwhiteportion", "quantity": 10 }, { "type": "item", "code": "expandedfoods:foodoilportion-*",  "quantity": 10 }, { "type": "item", "code": "expandedfoods:treesyrupportion-*",  "quantity": 10 }, { "type": "item", "code": "expandedfoods:fruitsyrupportion-*",  "quantity": 10 }, { "type": "item", "code": "expandedfoods:lard",  "quantity": 10 }, { "type": "item", "code": "expandedfoods:peanutliquid-butter",  "quantity": 10 }, { "type": "item", "code": "expandedfoods:peanutliquid-sauce",  "quantity": 10 }]},
      {"inputs": [{ "type": "item", "code": "expandedfoods:acornbreadcrumbs-*", "quantity": 1 }]},
      {"inputs": [{ "type": "item", "code": "game:flour-*", "quantity": 1 }, { "type": "item", "code": "acorns:flour-acorn", "quantity": 1 }]},
      {"inputs": [{ "type": "item", "code": "balancedthirst:pickledvegetable-gourdpumpkin", "quantity": 1 }]},
      {"inputs": [{ "type": "item", "code": "game:salt", "quantity": 1 }]}
    ],
    "output": { "type": "item", "code": "expandedfoods:acornbreadedvegetable-pickledcalabash-raw", "stackSize": 1}
  }
]

