[
  {
    "code": "soakedhidelent",
    "sealHours": 20,
    "ingredients": [
      { "type": "item", "code": "balancedthirst:lantportion", "litres": 2, "consumeLitres": 2 },
      { "type": "item", "code": "game:hide-raw-small", "quantity": 1 }
    ],
    "output": { "type": "item", "code": "game:hide-soaked-small", "stackSize": 1 }
  },
  {
    "code": "soakedhidelent",
    "sealHours": 20,
    "ingredients": [
      { "type": "item", "code": "balancedthirst:lantportion", "litres": 4, "consumeLitres": 4 },
      { "type": "item", "code": "game:hide-raw-medium", "quantity": 1 }
    ],
    "output": { "type": "item", "code": "game:hide-soaked-medium", "stackSize": 1 }
  },
  {
    "code": "soakedhidelent",
    "sealHours": 20,
    "ingredients": [
      { "type": "item", "code": "balancedthirst:lantportion", "litres": 6, "consumeLitres": 6 },
      { "type": "item", "code": "game:hide-raw-large", "quantity": 1 }
    ],
    "output": { "type": "item", "code": "game:hide-soaked-large", "stackSize": 1 }
  },
  {
    "code": "soakedhidelent",
    "sealHours": 20,
    "ingredients": [
      { "type": "item", "code": "balancedthirst:lantportion", "litres": 10, "consumeLitres": 10 },
      { "type": "item", "code": "game:hide-raw-huge", "quantity": 1 }
    ],
    "output": { "type": "item", "code": "game:hide-soaked-huge", "stackSize": 1}
  }
]