{
  "code": "woodenbowl",
  "classByType": {
    "*-raw-*": "balancedthirst.BlockLiquidContainerLeaking",
    "*-waxed-*": "BlockLiquidContainerTopOpened"
  },
  "behaviors": [
    { "name": "GroundStorable", "properties": { "layout": "Quadrants", "collisionBox": { "x1": 0, "y1": 0, "z1": 0, "x2": 1, "y2": 0.125, "z2": 1 } } },
    { "name": "Unplaceable", "__comment": "The ground storable obsoletes this being a block. Should be an item, but is kept a block for backwards compatibility" },
    { "name": "RightClickPickup"}
  ],
  "variantgroups": [
    { "code": "type", "states": ["raw", "waxed"] },
    { "code": "wood", "loadFromProperties": "floralzonescaribbeanregion:block/wood" }
  ],
  "attributesByType": {
    "*-raw-*": {
      "shelvable": true,
      "leakageRate": 0.1,
      "liquidContainerProps": {
        "capacityLitres": 1,
        "transferSizeLitres": 0.1,
        "emptyShapeLoc": "game:shapes/block/clay/bowl-empty-ground",
        "opaqueContentShapeLoc": "game:shapes/block/clay/bowl-contents",
        "liquidContentShapeLoc": "game:shapes/block/clay/bowl-liquidcontents",
        "liquidMaxYTranslate": 0.05
      },
      "mealContainer": true,
      "mealBlockCode": "balancedthirst:woodenbowl-meal-raw-{wood}",
      "servingCapacity": 1,
      "bowlContents": null
    },
    "*-waxed-*": {
      "shelvable": true,
      "liquidContainerProps": {
        "capacityLitres": 1,
        "transferSizeLitres": 0.1,
        "emptyShapeLoc": "game:shapes/block/clay/bowl-empty-ground",
        "opaqueContentShapeLoc": "game:shapes/block/clay/bowl-contents",
        "liquidContentShapeLoc": "game:shapes/block/clay/bowl-liquidcontents",
        "liquidMaxYTranslate": 0.05
      },
      "mealContainer": true,
      "mealBlockCode": "balancedthirst:woodenbowl-meal-waxed-{wood}",
      "servingCapacity": 1,
      "bowlContents": null
    }
  },
  "combustiblePropsByType": {
    "*-raw-*": {
      "burnTemperature": 600,
      "burnDuration": 10
    }
  },
  "shape": {
    "base": "game:block/clay/bowl-empty-ground"
  },
  "heldTpIdleAnimation": "holdbothhands",
  "doNotRenderAtLod2": true,
  "blockmaterial": "Wood",
  "creativeinventory": { "general": ["*"], "decorative": ["*"] },
  "replaceable": 300,
  "liquidSelectable": 1,
  "resistance": 0.75,
  "maxStackSize": 8,
  "lightAbsorption": 0,
  "texturesByType": {
    "*-raw-*": {
      "floor": { "base": "game:block/wood/debarked/{wood}" },
      "mat": { "base": "game:block/wood/debarked/{wood}" }
    },
    "*-waxed-*": {
      "floor": { "base": "game:block/wood/debarked/{wood}" },
      "mat": { "base": "game:block/wood/debarked/{wood}" }
    },
    "*-honey": {
      "content": { "base": "game:block/liquid/honey" }
    },
    "*-milk": {
      "content": { "base": "game:block/food/dairy/milk" }
    }
  },
  "sounds": {
    "place": "game:block/planks",
    "hit": "game:block/planks",
    "break": "game:block/planks",
    "walk": "game:walk/wood"
  },
  "sideopaque": {
    "all": false
  },
  "sidesolid": {
    "all": false
  },
  "collisionbox": { "x1": 0.3125, "y1": 0, "z1": 0.3125, "x2": 0.6875, "y2": 0.125, "z2": 0.6875 },
  "selectionbox": { "x1": 0.3125, "y1": 0, "z1": 0.3125, "x2": 0.6875, "y2": 0.125, "z2": 0.6875 },
  "guiTransform": {
    "translation": { "x": 0, "y": 3, "z": 0 },
    "origin": { "x": 0.5, "y": 0.0625, "z": 0.5 },
    "scale": 3
  },
  "groundTransform": {
    "scale": 3.5
  },
  "fpHandTransform": {
    "translation": { "x": 0, "y": 0.4, "z": 0 },
    "rotation": { "x": 0, "y": -14, "z": 0 },
    "scale": 2
  },
  "tpHandTransform": {
    "translation": { "x": -0.9, "y": -0.11, "z": -0.62 },
    "rotation": { "x": -50, "y": 15, "z": -103 },
    "origin": { "x": 0.5, "y": 0.1, "z": 0.5 },
    "scale": 0.66
  }
}