{
  "editor": {
    "allAngles": false,
    "entityTextureMode": false
  },
  "textureWidth": 16,
  "textureHeight": 16,
  "textureSizes": {
  },
  "textures": {
    "device-plate": "block/machine/device-plate",
    "copper": "block/metal/plate/copper",
    "iron": "block/metal/plate/iron"
  },
  "elements": [
    {
      "name": "origin",
      "from": [ 8.0, 0.0, 8.0 ],
      "to": [ 8.0, 0.0, 8.0 ],
      "rotationOrigin": [ 8.0, 0.0, 8.0 ],
      "faces": {
        "north": { "texture": "#null", "uv": [ 8.0, 7.5, 8.5, 8.0 ], "enabled": false },
        "east": { "texture": "#null", "uv": [ 13.0, 15.0, 13.5, 15.5 ], "enabled": false },
        "south": { "texture": "#null", "uv": [ 3.0, 8.0, 3.5, 8.5 ], "enabled": false },
        "west": { "texture": "#null", "uv": [ 5.0, 10.0, 5.5, 10.5 ], "enabled": false },
        "up": { "texture": "#null", "uv": [ 3.0, 7.0, 3.5, 7.5 ], "enabled": false },
        "down": { "texture": "#null", "uv": [ 1.5, 14.0, 2.0, 14.5 ], "enabled": false }
      },
      "children": [
        {
          "name": "Base",
          "from": [ -1.5, 0.5, -1.5 ],
          "to": [ 1.5, 1.0, 1.5 ],
          "rotationOrigin": [ 0.0, 0.5, 0.0 ],
          "faces": {
            "north": { "texture": "#device-plate", "uv": [ 8.0, 4.5, 8.0, 4.5 ], "autoUv": false },
            "east": { "texture": "#device-plate", "uv": [ 3.0, 11.5, 6.0, 12.0 ] },
            "south": { "texture": "#device-plate", "uv": [ 2.5, 9.5, 5.5, 10.0 ] },
            "west": { "texture": "#device-plate", "uv": [ 0.0, 0.0, 3.0, 0.5 ] },
            "up": { "texture": "#device-plate", "uv": [ 6.0, 2.5, 9.0, 5.5 ] },
            "down": { "texture": "#device-plate", "uv": [ 11.0, 5.0, 14.0, 8.0 ] }
          },
          "children": [
            {
              "name": "pole",
              "from": [ 1.0, 1.5, 1.0 ],
              "to": [ 2.0, 17.5, 2.0 ],
              "rotationOrigin": [ 1.5, 1.5, 1.5 ],
              "faces": {
                "north": { "texture": "#copper", "uv": [ 6.5, 0.0, 7.5, 16.0 ] },
                "east": { "texture": "#copper", "uv": [ 11.0, 0.0, 12.0, 16.0 ] },
                "south": { "texture": "#copper", "uv": [ 10.0, 0.0, 11.0, 16.0 ] },
                "west": { "texture": "#copper", "uv": [ 6.0, 0.0, 7.0, 16.0 ] },
                "up": { "texture": "#copper", "uv": [ 9.0, 1.5, 10.0, 2.5 ], "enabled": false },
                "down": { "texture": "#copper", "uv": [ 8.5, 13.0, 9.5, 14.0 ], "enabled": false }
              },
              "children": [
                {
                  "name": "poleDisc",
                  "from": [ -0.5, -0.5, -0.5 ],
                  "to": [ 1.5, 0.0, 1.5 ],
                  "rotationOrigin": [ 0.5, -0.5, 0.5 ],
                  "faces": {
                    "north": { "texture": "#device-plate", "uv": [ 4.0, 6.5, 6.0, 7.0 ] },
                    "east": { "texture": "#device-plate", "uv": [ 2.0, 6.0, 4.0, 6.5 ] },
                    "south": { "texture": "#device-plate", "uv": [ 0.0, 10.0, 2.0, 10.5 ] },
                    "west": { "texture": "#device-plate", "uv": [ 8.5, 12.0, 10.5, 12.5 ] },
                    "up": { "texture": "#device-plate", "uv": [ 7.0, 6.0, 9.0, 8.0 ] },
                    "down": { "texture": "#device-plate", "uv": [ 4.0, 11.5, 6.0, 13.5 ] }
                  }
                },
                {
                  "name": "ball",
                  "from": [ -1.0, 20.0, -1.0 ],
                  "to": [ 2.0, 23.0, 2.0 ],
                  "rotationOrigin": [ 0.5, 20.0, 0.5 ],
                  "rotationY": -45.0,
                  "faces": {
                    "north": { "texture": "#copper", "uv": [ 5.0, 6.0, 8.0, 9.0 ] },
                    "east": { "texture": "#copper", "uv": [ 12.5, 2.5, 15.5, 5.5 ] },
                    "south": { "texture": "#copper", "uv": [ 10.5, 0.0, 13.5, 3.0 ] },
                    "west": { "texture": "#copper", "uv": [ 3.0, 12.5, 6.0, 15.5 ] },
                    "up": { "texture": "#copper", "uv": [ 4.0, 1.5, 7.0, 4.5 ] },
                    "down": { "texture": "#copper", "uv": [ 5.0, 11.0, 8.0, 14.0 ] }
                  },
                  "children": [
                    {
                      "name": "rod1",
                      "from": [ 1.2, 4.0, 1.2 ],
                      "to": [ 1.8, 10.0, 1.8 ],
                      "rotationOrigin": [ 1.5, 4.0, 1.5 ],
                      "faces": {
                        "north": { "texture": "#copper", "uv": [ 7.5, 2.5, 8.0, 8.5 ] },
                        "east": { "texture": "#copper", "uv": [ 11.0, 8.0, 11.5, 14.0 ] },
                        "south": { "texture": "#copper", "uv": [ 7.0, 4.5, 7.5, 10.5 ] },
                        "west": { "texture": "#copper", "uv": [ 8.0, 2.0, 8.5, 8.0 ] },
                        "up": { "texture": "#copper", "uv": [ 5.0, 9.0, 5.5, 9.5 ] },
                        "down": { "texture": "#copper", "uv": [ 10.5, 7.0, 11.0, 7.5 ], "enabled": false }
                      },
                      "children": [
                        {
                          "name": "rodbase1",
                          "from": [ -0.2, -1.0, -0.2 ],
                          "to": [ 0.8, 0.0, 0.8 ],
                          "rotationOrigin": [ 0.3, -1.0, 0.3 ],
                          "faces": {
                            "north": { "texture": "#iron", "uv": [ 3.0, 11.0, 4.0, 12.0 ] },
                            "east": { "texture": "#iron", "uv": [ 8.5, 13.0, 9.5, 14.0 ] },
                            "south": { "texture": "#iron", "uv": [ 8.0, 13.5, 9.0, 14.5 ] },
                            "west": { "texture": "#iron", "uv": [ 3.5, 13.5, 4.5, 14.5 ] },
                            "up": { "texture": "#iron", "uv": [ 0.5, 0.5, 1.5, 1.5 ] },
                            "down": { "texture": "#iron", "uv": [ 12.0, 5.0, 13.0, 6.0 ], "enabled": false }
                          }
                        }
                      ]
                    }
                  ]
                },
                {
                  "name": "rodAttachment",
                  "from": [ -0.2, 16.0, -0.2 ],
                  "to": [ 1.2, 20.0, 1.2 ],
                  "rotationOrigin": [ 0.5, 16.0, 0.5 ],
                  "faces": {
                    "north": { "texture": "#iron", "uv": [ 4.0, 9.5, 5.0, 13.5 ] },
                    "east": { "texture": "#iron", "uv": [ 11.5, 6.0, 12.5, 10.0 ] },
                    "south": { "texture": "#iron", "uv": [ 1.5, 0.5, 2.5, 4.5 ] },
                    "west": { "texture": "#iron", "uv": [ 6.5, 2.5, 7.5, 6.5 ] },
                    "up": { "texture": "#iron", "uv": [ 5.5, 14.0, 6.5, 15.0 ], "enabled": false },
                    "down": { "texture": "#iron", "uv": [ 7.5, 4.5, 8.5, 5.5 ] }
                  },
                  "children": [
                    {
                      "name": "disc1",
                      "from": [ -0.3, 0.5, -0.3 ],
                      "to": [ 1.7, 1.0, 1.7 ],
                      "rotationOrigin": [ 0.7, 0.5, 0.7 ],
                      "faces": {
                        "north": { "texture": "#copper", "uv": [ 11.5, 3.5, 13.5, 4.0 ] },
                        "east": { "texture": "#copper", "uv": [ 5.0, 12.0, 7.0, 12.5 ] },
                        "south": { "texture": "#copper", "uv": [ 0.0, 0.0, 2.0, 0.5 ] },
                        "west": { "texture": "#copper", "uv": [ 12.5, 7.5, 14.5, 8.0 ] },
                        "up": { "texture": "#copper", "uv": [ 1.0, 11.5, 3.0, 13.5 ] },
                        "down": { "texture": "#copper", "uv": [ 6.5, 0.0, 8.5, 2.0 ] }
                      }
                    },
                    {
                      "name": "disc2",
                      "from": [ -0.3, 1.5, -0.3 ],
                      "to": [ 1.7, 2.0, 1.7 ],
                      "rotationOrigin": [ 0.7, 1.5, 0.7 ],
                      "faces": {
                        "north": { "texture": "#copper", "uv": [ 12.5, 8.0, 14.5, 8.5 ] },
                        "east": { "texture": "#copper", "uv": [ 4.5, 8.0, 6.5, 8.5 ] },
                        "south": { "texture": "#copper", "uv": [ 13.5, 0.5, 15.5, 1.0 ] },
                        "west": { "texture": "#copper", "uv": [ 3.0, 1.5, 5.0, 2.0 ] },
                        "up": { "texture": "#copper", "uv": [ 9.5, 6.0, 11.5, 8.0 ] },
                        "down": { "texture": "#copper", "uv": [ 12.0, 8.5, 14.0, 10.5 ] }
                      }
                    },
                    {
                      "name": "disc3",
                      "from": [ -0.3, 2.5, -0.3 ],
                      "to": [ 1.7, 3.0, 1.7 ],
                      "rotationOrigin": [ 0.7, 2.5, 0.7 ],
                      "faces": {
                        "north": { "texture": "#copper", "uv": [ 8.5, 5.0, 10.5, 5.5 ] },
                        "east": { "texture": "#copper", "uv": [ 8.0, 9.0, 10.0, 9.5 ] },
                        "south": { "texture": "#copper", "uv": [ 4.5, 9.0, 6.5, 9.5 ] },
                        "west": { "texture": "#copper", "uv": [ 13.5, 1.5, 15.5, 2.0 ] },
                        "up": { "texture": "#copper", "uv": [ 0.0, 4.0, 2.0, 6.0 ] },
                        "down": { "texture": "#copper", "uv": [ 4.5, 8.0, 6.5, 10.0 ] }
                      }
                    },
                    {
                      "name": "disc4",
                      "from": [ -0.3, 3.5, -0.3 ],
                      "to": [ 1.7, 4.0, 1.7 ],
                      "rotationOrigin": [ 0.7, 3.5, 0.7 ],
                      "faces": {
                        "north": { "texture": "#copper", "uv": [ 13.5, 2.0, 15.5, 2.5 ] },
                        "east": { "texture": "#copper", "uv": [ 3.0, 1.0, 5.0, 1.5 ] },
                        "south": { "texture": "#copper", "uv": [ 11.0, 7.5, 13.0, 8.0 ] },
                        "west": { "texture": "#copper", "uv": [ 5.5, 9.0, 7.5, 9.5 ] },
                        "up": { "texture": "#copper", "uv": [ 10.5, 11.5, 12.5, 13.5 ], "enabled": false },
                        "down": { "texture": "#copper", "uv": [ 3.0, 6.5, 5.0, 8.5 ] }
                      }
                    }
                  ]
                },
                {
                  "name": "rodbaseN",
                  "from": [ 0.0, 20.5, -1.5 ],
                  "to": [ 1.0, 22.0, -0.5 ],
                  "rotationOrigin": [ 0.5, 21.0, -1.0 ],
                  "rotationX": -45.0,
                  "faces": {
                    "north": { "texture": "#iron", "uv": [ 2.0, 8.5, 3.0, 10.0 ] },
                    "east": { "texture": "#iron", "uv": [ 4.0, 5.5, 5.0, 7.0 ] },
                    "south": { "texture": "#iron", "uv": [ 2.5, 11.5, 3.5, 13.0 ] },
                    "west": { "texture": "#iron", "uv": [ 0.5, 13.0, 1.5, 14.5 ] },
                    "up": { "texture": "#iron", "uv": [ 7.0, 10.0, 8.0, 11.0 ] },
                    "down": { "texture": "#iron", "uv": [ 5.5, 11.5, 6.5, 12.5 ], "enabled": false }
                  },
                  "children": [
                    {
                      "name": "rodN",
                      "from": [ 0.2, 1.5, 0.2 ],
                      "to": [ 0.8, 7.5, 0.8 ],
                      "rotationOrigin": [ 0.5, 1.5, 0.5 ],
                      "faces": {
                        "north": { "texture": "#copper", "uv": [ 5.0, 5.5, 5.5, 11.5 ] },
                        "east": { "texture": "#copper", "uv": [ 4.0, 9.5, 4.5, 15.5 ] },
                        "south": { "texture": "#copper", "uv": [ 7.0, 6.0, 7.5, 12.0 ] },
                        "west": { "texture": "#copper", "uv": [ 4.5, 6.0, 5.0, 12.0 ] },
                        "up": { "texture": "#copper", "uv": [ 13.0, 5.0, 13.5, 5.5 ] },
                        "down": { "texture": "#copper", "uv": [ 13.0, 9.0, 13.5, 9.5 ], "enabled": false }
                      }
                    }
                  ]
                },
                {
                  "name": "rodbaseS",
                  "from": [ 0.0, 20.5, 1.5 ],
                  "to": [ 1.0, 22.0, 2.5 ],
                  "rotationOrigin": [ 0.5, 21.0, 2.0 ],
                  "rotationX": 45.0,
                  "faces": {
                    "north": { "texture": "#iron", "uv": [ 13.5, 10.0, 14.5, 11.5 ] },
                    "east": { "texture": "#iron", "uv": [ 6.0, 11.5, 7.0, 13.0 ] },
                    "south": { "texture": "#iron", "uv": [ 12.0, 12.0, 13.0, 13.5 ] },
                    "west": { "texture": "#iron", "uv": [ 1.0, 0.0, 2.0, 1.5 ] },
                    "up": { "texture": "#iron", "uv": [ 14.5, 3.0, 15.5, 4.0 ] },
                    "down": { "texture": "#iron", "uv": [ 4.0, 9.5, 5.0, 10.5 ], "enabled": false }
                  },
                  "children": [
                    {
                      "name": "rodS",
                      "from": [ 0.2, 1.5, 0.2 ],
                      "to": [ 0.8, 7.5, 0.8 ],
                      "rotationOrigin": [ 0.5, 1.5, 0.5 ],
                      "faces": {
                        "north": { "texture": "#copper", "uv": [ 14.0, 8.5, 14.5, 14.5 ] },
                        "east": { "texture": "#copper", "uv": [ 9.5, 8.5, 10.0, 14.5 ] },
                        "south": { "texture": "#copper", "uv": [ 15.0, 2.0, 15.5, 8.0 ] },
                        "west": { "texture": "#copper", "uv": [ 6.5, 4.5, 7.0, 10.5 ] },
                        "up": { "texture": "#copper", "uv": [ 1.0, 6.0, 1.5, 6.5 ] },
                        "down": { "texture": "#copper", "uv": [ 3.0, 0.5, 3.5, 1.0 ], "enabled": false }
                      }
                    }
                  ]
                },
                {
                  "name": "rodbaseW",
                  "from": [ -1.5, 20.5, 0.0 ],
                  "to": [ -0.5, 22.0, 1.0 ],
                  "rotationOrigin": [ -1.0, 21.0, 0.5 ],
                  "rotationZ": 45.0,
                  "faces": {
                    "north": { "texture": "#iron", "uv": [ 4.5, 6.0, 5.5, 7.5 ] },
                    "east": { "texture": "#iron", "uv": [ 5.5, 5.0, 6.5, 6.5 ] },
                    "south": { "texture": "#iron", "uv": [ 4.0, 8.0, 5.0, 9.5 ] },
                    "west": { "texture": "#iron", "uv": [ 10.0, 9.5, 11.0, 11.0 ] },
                    "up": { "texture": "#iron", "uv": [ 0.0, 12.0, 1.0, 13.0 ] },
                    "down": { "texture": "#iron", "uv": [ 9.5, 2.5, 10.5, 3.5 ], "enabled": false }
                  },
                  "children": [
                    {
                      "name": "rodW",
                      "from": [ 0.2, 1.5, 0.2 ],
                      "to": [ 0.8, 7.5, 0.8 ],
                      "rotationOrigin": [ 0.5, 1.5, 0.5 ],
                      "faces": {
                        "north": { "texture": "#copper", "uv": [ 2.5, 5.0, 3.0, 11.0 ] },
                        "east": { "texture": "#copper", "uv": [ 3.0, 5.0, 3.5, 11.0 ] },
                        "south": { "texture": "#copper", "uv": [ 13.0, 0.5, 13.5, 6.5 ] },
                        "west": { "texture": "#copper", "uv": [ 4.0, 7.0, 4.5, 13.0 ] },
                        "up": { "texture": "#copper", "uv": [ 15.0, 3.0, 15.5, 3.5 ] },
                        "down": { "texture": "#copper", "uv": [ 6.0, 10.5, 6.5, 11.0 ], "enabled": false }
                      }
                    }
                  ]
                },
                {
                  "name": "rodbaseE",
                  "from": [ 1.5, 20.5, 0.0 ],
                  "to": [ 2.5, 22.0, 1.0 ],
                  "rotationOrigin": [ 2.0, 21.0, 0.5 ],
                  "rotationZ": -45.0,
                  "faces": {
                    "north": { "texture": "#iron", "uv": [ 1.0, 12.0, 2.0, 13.5 ] },
                    "east": { "texture": "#iron", "uv": [ 4.0, 1.0, 5.0, 2.5 ] },
                    "south": { "texture": "#iron", "uv": [ 12.0, 13.5, 13.0, 15.0 ] },
                    "west": { "texture": "#iron", "uv": [ 10.5, 13.5, 11.5, 15.0 ] },
                    "up": { "texture": "#iron", "uv": [ 8.5, 9.5, 9.5, 10.5 ] },
                    "down": { "texture": "#iron", "uv": [ 6.0, 11.5, 7.0, 12.5 ], "enabled": false }
                  },
                  "children": [
                    {
                      "name": "rodE",
                      "from": [ 0.2, 1.5, 0.2 ],
                      "to": [ 0.8, 7.5, 0.8 ],
                      "rotationOrigin": [ 0.5, 1.5, 0.5 ],
                      "faces": {
                        "north": { "texture": "#copper", "uv": [ 9.5, 4.0, 10.0, 10.0 ] },
                        "east": { "texture": "#copper", "uv": [ 2.5, 8.5, 3.0, 14.5 ] },
                        "south": { "texture": "#copper", "uv": [ 2.0, 6.0, 2.5, 12.0 ] },
                        "west": { "texture": "#copper", "uv": [ 2.5, 5.0, 3.0, 11.0 ] },
                        "up": { "texture": "#copper", "uv": [ 1.5, 1.5, 2.0, 2.0 ] },
                        "down": { "texture": "#copper", "uv": [ 14.0, 3.0, 14.5, 3.5 ], "enabled": false }
                      }
                    }
                  ]
                }
              ]
            },
            {
              "name": "standS",
              "from": [ 1.0, -0.5, 2.0 ],
              "to": [ 2.0, 1.0, 4.0 ],
              "rotationOrigin": [ 1.5, -0.5, 2.0 ],
              "faces": {
                "north": { "texture": "#iron", "uv": [ 7.5, 8.0, 8.5, 9.5 ] },
                "east": { "texture": "#iron", "uv": [ 9.5, 1.0, 11.5, 2.5 ] },
                "south": { "texture": "#iron", "uv": [ 11.5, 13.5, 12.5, 15.0 ] },
                "west": { "texture": "#iron", "uv": [ 2.5, 8.5, 4.5, 10.0 ] },
                "up": { "texture": "#iron", "uv": [ 13.0, 3.5, 14.0, 5.5 ] },
                "down": { "texture": "#iron", "uv": [ 12.5, 11.5, 13.5, 13.5 ] }
              }
            },
            {
              "name": "standN",
              "from": [ 1.0, -0.5, -1.0 ],
              "to": [ 2.0, 1.0, 1.0 ],
              "rotationOrigin": [ 1.5, -0.5, 1.0 ],
              "faces": {
                "north": { "texture": "#iron", "uv": [ 7.5, 5.5, 8.5, 7.0 ] },
                "east": { "texture": "#iron", "uv": [ 9.5, 8.0, 11.5, 9.5 ] },
                "south": { "texture": "#iron", "uv": [ 2.0, 6.0, 3.0, 7.5 ] },
                "west": { "texture": "#iron", "uv": [ 1.0, 4.5, 3.0, 6.0 ] },
                "up": { "texture": "#iron", "uv": [ 13.0, 9.0, 14.0, 11.0 ] },
                "down": { "texture": "#iron", "uv": [ 10.0, 7.5, 11.0, 9.5 ] }
              }
            },
            {
              "name": "standW",
              "from": [ -1.0, -0.5, 1.0 ],
              "to": [ 1.0, 1.0, 2.0 ],
              "rotationOrigin": [ 1.0, -0.5, 1.5 ],
              "faces": {
                "north": { "texture": "#iron", "uv": [ 2.0, 10.0, 4.0, 11.5 ] },
                "east": { "texture": "#iron", "uv": [ 0.0, 3.5, 1.0, 5.0 ] },
                "south": { "texture": "#iron", "uv": [ 1.0, 11.5, 3.0, 13.0 ] },
                "west": { "texture": "#iron", "uv": [ 14.5, 4.5, 15.5, 6.0 ] },
                "up": { "texture": "#iron", "uv": [ 8.5, 12.0, 10.5, 13.0 ] },
                "down": { "texture": "#iron", "uv": [ 11.0, 14.5, 13.0, 15.5 ] }
              }
            },
            {
              "name": "standE",
              "from": [ 2.0, -0.5, 1.0 ],
              "to": [ 4.0, 1.0, 2.0 ],
              "rotationOrigin": [ 2.0, -0.5, 1.5 ],
              "faces": {
                "north": { "texture": "#iron", "uv": [ 11.5, 3.5, 13.5, 5.0 ] },
                "east": { "texture": "#iron", "uv": [ 12.5, 7.5, 13.5, 9.0 ] },
                "south": { "texture": "#iron", "uv": [ 10.0, 5.0, 12.0, 6.5 ] },
                "west": { "texture": "#iron", "uv": [ 9.0, 9.5, 10.0, 11.0 ] },
                "up": { "texture": "#iron", "uv": [ 1.0, 14.5, 3.0, 15.5 ] },
                "down": { "texture": "#iron", "uv": [ 9.0, 2.0, 11.0, 3.0 ] }
              }
            }
          ]
        }
      ]
    }
  ]}