{
  "code": "demijohn",
  "classByType": { "*": "BlockBucket" },
  "entityClass": "Bucket",
  "variantgroups": [
    { "code": "material", "states": ["glass", "wicker"]},
    { "code": "color", "states": [ "green", "blue", "brown", "pink", "plain", "quartz", "red", "smoky", "vintage", "violet", "yellow" ] }
  ],
  "shape": { "base": "block/demijohn-empty" },
  "texturesByType": {
    "*-glass-*": {
      "glass": { "base": "game:block/cloth/basic/{color}" },
      "wicker": { "base": "game:block/cloth/basic/{color}" },
      "handle": { "base": "game:block/transparent" }
    },
    "*-wicker-*": {
      "glass": { "base": "game:block/cloth/basic/{color}" },
      "wicker": { "base": "game:block/reed/beehive/hive" },
      "handle": { "base": "game:block/reed/beehive/hive" }
    }
  },
  "behaviors": [
    { "name": "UnstableFalling"},
    { "name": "RightClickPickup"}
  ],
  "attributes": {
    "handbook": { "groupBy": ["demijohn-*"] },
    "blockmaterialByType": {
      "*": "Glass"
    },
    "groundStorageTransform": {
      "origin": { "x": 0.5, "y": 0, "z": 0.5 },
      "scale": 0.85
    },
    "onDisplayTransform": {
      "origin": { "x": 0.5, "y": 0, "z": 0.5 },
      "scale": 0.75
    },
    "shelvable": false,
    "liquidContainerPropsByType": {
      "*": {
        "capacityLitres": 50,
        "transferSizeLitres": 10,
        "emptyShapeLoc": "balancedthirst:shapes/block/demijohn-empty",
        "opaqueContentShapeLoc": "balancedthirst:shapes/block/demijohn-contents",
        "liquidContentShapeLoc": "balancedthirst:shapes/block/demijohn-contents",
        "liquidMaxYTranslate":  0
      }
    }
  },
  "creativeinventory": { "general": ["*"], "decorative": ["*"] },
  "blockmaterial": "Glass",
  "replaceable": 900,
  "resistance": 1.5,
  "liquidSelectable": 1,
  "maxStackSize": 8,
  "lightAbsorption": 0,
  "sideopaque": { "all": false },
  "sideao": { "all": true },
  "emitsideao": { "all": false },
  "sidesolid": { "all": false },
  "drawtype": "JSON",
  "collisionbox": {
    "x1": 0, "y1": 0, "z1": 0,
    "x2": 1, "y2": 0.9375, "z2": 1
  },
  "selectionbox": {
    "x1": 0, "y1": 0, "z1": 0,
    "x2": 1, "y2": 0.9375, "z2": 1
  },
  "materialDensity": 600,
  "heldTpIdleAnimation": "holdbothhandslarge", "heldRightReadyAnimation": "heldblockready", "heldTpUseAnimation": "twohandplaceblock",
  "tpHandTransform": {
    "translation": { "x": -1.7, "y": -0.95, "z": -0.69 },
    "rotation": { "x": 12, "y": 14, "z": -81 },
    "scale": 0.36
  },
  "enabled": false
}
