{
  "ingredient": { "type": "item", "code": "game:clay-*", "name": "type", "allowedVariants": ["blue", "fire"] },
  "pattern": [[
    "__###__",
    "_#####_",
    "#######",
    "#######",
    "#######",
    "_#####_",
    "__###__"
  ],
    [
      "__###__",
      "_##_##_",
      "##___##",
      "#_____#",
      "##___##",
      "_##_##_",
      "__###__"
    ],
    [
      "__###__",
      "_##_##_",
      "##___##",
      "#_____#",
      "##___##",
      "_##_##_",
      "__###__"
    ],
    [
      "__###__",
      "_##_##_",
      "##___##",
      "#_____#",
      "##___##",
      "_##_##_",
      "__###__"
    ],
    [
      "_______",
      "__###__",
      "_##_##_",
      "_#___#_",
      "_##_##_",
      "__###__",
      "_______"
    ],
    [
      "__###__",
      "_##_##_",
      "##___##",
      "#_____#",
      "##___##",
      "_##_##_",
      "__###__"
    ]
  ],
  "name": "Kettle",
  "output": { "type": "block", "code": "balancedthirst:kettle-raw"  }
}