{
  "code": "kettle",
  "classByType": {
    "*-raw": "Block",
    "*": "balancedthirst.BlockKettle"
  },
  "entityClassByType": {
    "*-fired": "balancedthirst.BlockEntityKettle",
    "*-porcelain": "balancedthirst.BlockEntityKettle"
  },
  "behaviorsByType": {
    "*-raw": [
      {
        "name": "UnstableFalling"
      },
      {
        "name": "RightClickPickup"
      },
      {
        "name": "Unplaceable"
      },
      {
        "name": "GroundStorable",
        "properties": {
          "layout": "Quadrants",
          "collisionBox": { "x1": 0, "y1": 0, "z1": 0, "x2": 1, "y2": 0.4375, "z2": 1 }
        }
      }
    ],
    "*": [
      { "name": "UnstableFalling" },
      { "name": "RightClickPickup" }
    ]
  },
  "variantgroups": [
    { "code": "metal", "states": ["raw", "fired", "porcelain"] }
  ],
  "attributesByType": {
    "*-raw": { "shelvable": true },
    "*": {
      "lidSound": "game:sounds/walk/wood",
      "canSeal": true,
      "handbook": { "groupBy": ["kettle-*"] },
      "lidPerishRate": 0.75,
      "maxTemperature": 110,
      "allowHeating": true,
      "minFillY": 1.01,
      "maxFillY": 4.91,
      "storageType": 1,
      "maxContainerSlotStackSize": 1,
      "cookingSlotCapacityLitres": 1,
      "cookingContainerSlots": 4,
      "liquidcontainer": true,
      "capacityLitres": 4,
      "canhold": [ "water-*" ],
      "inFirePitProps": {
        "transform": {
          "translation": {
            "x": 0,
            "y": 0.2,
            "z": 0
          }
        },
        "useFirepitModel": "Wide"
      },
      "shelvable": true
    }
  },
  "combustiblePropsByType": {
    "*-raw": {
      "meltingPoint": 650,
      "meltingDuration": 45,
      "smeltedRatio": 1,
      "smeltingType": "fire",
      "smeltedStack": { "type": "block", "code": "kettle-fired" },
      "requiresContainer": false
    }
  },
  "shapeByType": {
    "*": { "base": "block/kettle-clay/empty" },
    "*-porcelain": { "base": "block/kettle/empty" }
  },
  "doNotRenderAtLod2": true,
  "creativeinventory": { "general": ["*"], "decorative": ["*"] },
  "maxStackSizeByType": {
    "*": 1
  },
  "sidesolid": {
    "all": false
  },
  "sideopaque": {
    "all": false
  },
  "drawtype": "JSON",
  "blockmaterial": "Ceramic",
  "heldTpUseAnimation": "water",
  "heldRightTpIdleAnimation": "holdinglanternrighthand",
  "heldLeftTpIdleAnimation": "holdinglanternlefthand",
  "texturesbyType": {
    "*-raw": {
      "snout": { "base": "game:block/clay/blueclay" },
      "lip": { "base": "game:block/clay/blueclay" },
      "lid": { "base": "game:block/wood/debarked/oak" },
      "bottom": {
        "base": "game:block/clay/blueclay",
        "overlays": [ "block/kettle/metaloverlay" ]
      },
      "body": {
        "base": "game:block/clay/blueclay",
        "overlays": [ "block/kettle/metaloverlaygradient" ]
      }
    },
    "*-fired": {
      "snout": { "base": "game:block/clay/pot-side" },
      "lip": { "base": "game:block/clay/pot-side" },
      "lid": { "base": "game:block/wood/debarked/oak" },
      "bottom": {
        "base": "game:block/clay/pot-side",
        "overlays": [ "block/kettle/metaloverlay" ]
      },
      "body": {
        "base": "game:block/clay/pot-side",
        "overlays": [ "block/kettle/metaloverlaygradient" ]
      }
    },
    "*-porcelain": {
      "snout": { "base": "game:block/clay/flintporcelain/fired" },
      "lip": { "base": "game:block/clay/flintporcelain/fired" },
      "lid": { "base": "game:block/wood/debarked/oak" },
      "bottom": {
        "base": "game:block/clay/flintporcelain/fired",
        "overlays": [ "block/kettle/metaloverlay" ]
      },
      "body": {
        "base": "game:block/clay/flintporcelain/fired",
        "overlays": [ "block/kettle/metaloverlaygradient" ]
      }
    }
  },
  "replaceable": 500,
  "resistance": 1.5,
  "materialDensity": 7870,
  "liquidSelectable": true,
  "lightAbsorption": 0,
  "sounds": {
    "place": "game:walk/stone",
    "hit": "game:walk/stone",
    "break": "game:walk/stone",
    "walk": "game:walk/stone"
  },
  "collisionSelectionBoxes": [
    { "x1": 0.28, "y1": 0, "z1": 0.28, "x2": 0.72, "y2": 0.35, "z2": 0.72 }
  ],
  "guiTransform": {
    "translation": { "x": -2, "y": 2, "z": 0 },
    "rotation": { "x": -22, "y": -57, "z": 0 },
    "origin": { "x": 0.5, "y": 0.2, "z": 0.5 },
    "scale": 2.15
  },
  "groundTransform": {
    "scale": 3
  },
  "fpHandTransform": {
    "translation": { "x": 0, "y": 0.1, "z": 0.5 },
    "scale": 2
  },
  "tpHandTransform": {
    "translation": { "x": -0.7, "y": 0.06, "z": -0.47 },
    "rotation": { "x": -52, "y": 20, "z": -110 },
    "origin": { "x": 0.5, "y": 0, "z": 0.5 },
    "scale": 0.76
  }
}