{
  "code": "toolmold",
  "classByType": {
    "*-raw-*": "Block",
    "*-burned-*": "BlockToolMold"
  },
  "behaviorsByType": {
    "*-raw-*": [
      { "name": "GroundStorable", "properties": { "layout": "SingleCenter" } },
      { "name": "Unplaceable", "__comment": "The ground storable obsoletes this being a block. Should be an item, but is kept a block for backwards compatibility" },
      { "name": "RightClickPickup"}
    ],
    "*": [{
      "name": "UnstableFalling"}]
  },
  "variantgroups": [
    { "code":"materialtype", "states": ["raw", "burned"] },
    { "code":"tooltype", "states": ["kettle"] }
  ],
  "attributesByType": {
    "toolmold-burned-kettle": {
      "requiredUnits": 300,
      "fillHeight": 8,
      "fillQuadsByLevel": [
        { "x1": 4.5, "z1": 4.5, "x2": 11.5, "z2": 11.5 },
        { "x1": 4.5, "z1": 4.5, "x2": 11.5, "z2": 11.5 },
        { "x1": 4.5, "z1": 4.5, "x2": 11.5, "z2": 11.5 },
        { "x1": 4.5, "z1": 4.5, "x2": 11.5, "z2": 11.5 },

        { "x1": 4.5, "z1": 4.5, "x2": 11.5, "z2": 11.5 },
        { "x1": 4.5, "z1": 4.5, "x2": 11.5, "z2": 11.5 },
        { "x1": 4.5, "z1": 4.5, "x2": 11.5, "z2": 11.5 },
        { "x1": 4.5, "z1": 4.5, "x2": 11.5, "z2": 11.5 }
      ],
      "drop": { "type":"Block", "code": "balancedthirst:kettle-{metal}" }
    }
  },
  "entityClassByType": {
    "toolmold-burned-*": "ToolMold"
  },
  "combustiblePropsByType": {
    "toolmold-raw-*": {
      "meltingPoint": 650,
      "meltingDuration": 45,
      "smeltedRatio": 1,
      "smeltingType": "fire",
      "smeltedStack": { "type": "block", "code": "balancedthirst:toolmold-burned-{tooltype}" },
      "requiresContainer": false
    }
  },
  "blockmaterial": "Ceramic",
  "creativeinventory": { "general": ["*"], "construction": ["*"] },
  "replaceable": 700,
  "resistance": 1.5,
  "maxStackSize": 8,
  "lightAbsorption": 0,
  "texturesByType": {
    "toolmold-raw-*": {  "all": { "base": "game:block/clay/blueclay" } },
    "toolmold-burned-*": {  "floor": { "base": "game:block/clay/ceramic-dark" }, "other": { "base": "game:block/clay/ceramic" } }
  },
  "shape": { "base": "block/clay/{tooltype}-mold"},
  "sounds": {
    "walk": "game:walk/stone"
  },
  "collisionboxByType": {
    "*-kettle": { "x1": 0.0625, "y1": 0, "z1": 0.0625, "x2": 0.9375, "y2": 0.6875, "z2": 0.9375 }
  },
  "selectionboxByType": {
    "*-kettle": { "x1": 0.0625, "y1": 0, "z1": 0.0625, "x2": 0.9375, "y2": 0.6875, "z2": 0.9375 }
  },
  "sideopaque": {
    "all": false
  },
  "sidesolid": {
    "all": false
  },
  "heldTpIdleAnimationByType": {
    "*-kettle": "holdbothhands"
  },
  "heldTpUseAnimationByType": {
    "*-kettle": "twohandplaceblock"
  },
  "guiTransformByType": {
    "*-kettle": {
      "origin": { "x": 0.5, "y": 0.18, "z": 0.5 },
      "scale": 1.8
    }
  },
  "tpHandTransformByType": {
    "@.*-(kettle)": {
      "translation": { "x": -0.97, "y": -0.1, "z": -0.65 },
      "rotation": { "x": -51, "y": 23, "z": -114 },
      "origin": { "x": 0.5, "y": 0.125, "z": 0.5 },
      "scale": 0.56
    }
  },
  "fpHandTransformByType": {
    "@.*-(kettle)": {
      "translation": { "x": -0.3, "y": 0, "z": 0.5 },
      "rotation": { "x": 16, "y": -50, "z": 1 },
      "origin": { "x": 0.5, "y": 0.125, "z": 0.5 }
    }
  },
  "groundTransform": {
    "translation": { "x": 0, "y": 0, "z": 0 },
    "rotation": { "x": 0, "y": -45, "z": 0 },
    "origin": { "x": 0.5, "y": 0, "z": 0.5 },
    "scale": 2.2
  },
  "enabled": false
}