[
  {
    "op": "addeach",
    "path": "/attributes/tradeProps/selling/list/-",
    "value": [
      {
        "code": "balancedthirst:kettle-clay-fired",
        "type": "block",
        "stacksize": 1,
        "stock": {
          "avg": 4,
          "var": 1
        },
        "price": {
          "avg": 2,
          "var": 0.75
        }
      }
    ],
    "file": "game:entities/humanoid/trader-survivalgoods.json"
  },
  {
    "op": "addeach",
    "path": "/attributes/tradeProps/buying/list/-",
    "value": [
      {
        "code": "balancedthirst:kettle-clay-fired",
        "type": "block",
        "stacksize": 1,
        "stock": {
          "avg": 4,
          "var": 1
        },
        "price": {
          "avg": 1,
          "var": 0.75
        }
      }
    ],
    "file": "game:entities/humanoid/trader-survivalgoods.json"
  }
]