[
  {
    "ingredientPattern": "K_,_L",
    "ingredients": {
      "K": { "type": "item", "code": "game:knife-*", "isTool": true },
      "L": { "type": "block", "code": "wildcrafttree:log-*", "skipvariants": [
        "chlorociboria-ud",
        "petrified-ud"
      ]
      }
    },
    "width": 2,
    "height": 2,
    "output": { "type": "block", "code": "balancedthirst:woodenbowl-raw"  }
  },
  {
    "ingredientPattern": "K_,_L",
    "ingredients": {
      "K": { "type": "item", "code": "game:knife-*", "isTool": true },
      "L": { "type": "block", "code": "wildcrafttree:debarkedlog-*","skipvariants": [
        "chlorociboria-ud",
        "petrified-ud"
      ]
      }
    },
    "width": 2,
    "height": 2,
    "output": { "type": "block", "code": "balancedthirst:woodenbowl-raw"  }
  },
  {
    "ingredientPattern": "K_,_L",
    "ingredients": {
      "K": { "type": "item", "code": "game:knife-*", "isTool": true },
      "L": { "type": "block", "code": "wildcrafttree:logsection-placed-*" }
    },
    "width": 2,
    "height": 2,
    "output": { "type": "block", "code": "balancedthirst:woodenbowl-raw", "quantity": 4 }
  }
]