{
	"code": "gourdpumpkin",
	"storageFlags": "33",
	"class": "Block",
	"behaviors": [
		{ "name": "GroundStorable", "properties": { "layout": "SingleCenter", "collisionBox": { "x1": 0.125, "y1": 0, "z1": 0.125,   "x2": 0.875, "y2": 0.75, "z2": 0.875 } } },
		{ "name": "Unplaceable", "__comment": "The ground storable obsoletes this being a block. Should be an item, but is kept a block for backwards compatibility" },
		{ "name": "RightClickPickup" }
	],
	"variantgroups": [
		{ "code": "variant", "states": ["fruit"] },
		{ "code": "stage", "states": ["1", "2", "3", "4"] }
	],
	"maxstacksize": 8,
	"creativeinventory": { "general": ["gourdpumpkin-fruit-4", "gourdpumpkin-fruit-3"], "flora": ["gourdpumpkin-fruit-4", "gourdpumpkin-fruit-3"] },
	"shape": { "base": "block/gourd/stage{stage}" },
	"blockmaterial": "Plant",
	"randomizeRotations": true,
	"heldTpIdleAnimation": "holdbothhandslarge",
	"sideopaque": {
		"all": false
	},
	"sidesolid": {
		"all": false
	},
	"replaceable": 5000,
	"lightAbsorption": 0,
	"resistance": 1,
	"collisionboxByType": {
		"gourdpumpkin-fruit-1": { "x1": 0.40625, "y1": 0, "z1": 0.40625,   "x2": 0.59375, "y2": 0.1875, "z2": 0.59375 },
		"gourdpumpkin-fruit-2": { "x1": 0.3125, "y1": 0, "z1": 0.3125,   "x2": 0.6875, "y2": 0.375, "z2": 0.6875 },
		"gourdpumpkin-fruit-3": { "x1": 0.21875, "y1": 0, "z1": 0.21875,   "x2": 0.78125, "y2": 0.5625, "z2": 0.78125 },
		"gourdpumpkin-fruit-4": { "x1": 0.125, "y1": 0, "z1": 0.125,   "x2": 0.875, "y2": 0.75, "z2": 0.875 }
	},
	"selectionboxByType": {
		"gourdpumpkin-fruit-1": { "x1": 0.40625, "y1": 0, "z1": 0.40625,   "x2": 0.59375, "y2": 0.1875, "z2": 0.59375 },
		"gourdpumpkin-fruit-2": { "x1": 0.3125, "y1": 0, "z1": 0.3125,   "x2": 0.6875, "y2": 0.375, "z2": 0.6875 },
		"gourdpumpkin-fruit-3": { "x1": 0.21875, "y1": 0, "z1": 0.21875,   "x2": 0.78125, "y2": 0.5625, "z2": 0.78125 },
		"gourdpumpkin-fruit-4": { "x1": 0.125, "y1": 0, "z1": 0.125,   "x2": 0.875, "y2": 0.75, "z2": 0.875 }
	},
	"texturesByType": {
		"*": {
			"all": { "base": "block/gourd/stage{stage}" }
		}
	},
	"guitransform": {
		"rotation": { "x": 0, "y": 0, "z": 0 }
	},
	"sounds": {
		"place": "game:block/pumpkin",
		"break": "game:block/pumpkin",
		"hit": "game:block/pumpkin"
	},
	"materialDensity": 200,
	"transitionablePropsByType": {
		"*-3": [
			{
				"type": "Dry",
				"freshHours": { "avg":  24 },
				"transitionHours": { "avg": 36 },
				"transitionedStack": { "type": "block", "code": "balancedthirst:gourd-medium-dried" },
				"transitionRatio": 1
			}
		],
		"*-4": [
			{
				"type": "Dry",
				"freshHours": { "avg":  24 },
				"transitionHours": { "avg": 48 },
				"transitionedStack": { "type": "block", "code": "balancedthirst:gourd-large-dried" },
				"transitionRatio": 1
			}
		]
	},
	"transitionableProps": [{
		"type": "Perish",
		"freshHours": { "avg": 432 },
		"transitionHours": { "avg": 144 },
		"transitionedStack": { "type": "item", "code": "game:rot" },
		"transitionRatio": 2
	}],
	"fpHandTransform": {
		"translation": { "x": 0, "y": 0.15, "z": 0.5 }
	},
	"tpHandTransform": {
		"translation": { "x": -1, "y": -0.88, "z": -0.84 },
		"rotation": { "x": 5, "y": 0, "z": -15 },
		"scale": 0.6
	},
	"guiTransform": {
		"rotation": { "x": -25, "y": 45, "z": 0 },
		"origin": { "x": 0.5, "y": 0.3, "z": 0.5 },
		"scale": 1.8
	},
	"groundTransform": {
		"translation": { "x": 0, "y": 0, "z": 0 },
		"rotation": { "x": 0, "y": -45, "z": 0 },
		"origin": { "x": 0.5, "y": 0, "z": 0.5 },
		"scale": 2.47
	}
}
