[
  {
    "code": "balancedthirst-purewater",
    "triesPerChunk": 0.4,
    "generator": "disc-followsurface",
    "scaleWithWorldheight": false,
    "withBlockCallback": false,
    "handbookPageCode": "balancedthirst-purewater",
    "attributes": {
      "inblock": { "code": "soil-*", "name": "fertcover", "allowedVariants": ["low-normal", "medium-normal", "low-sparse", "medium-sparse" ] },
      "placeblock": { "code": "balancedthirst-purewater-still-7" },
      "surfaceBlock": { "code": "balancedthirst-purewater-still-7" },
      "surfaceBlockChance": 1,
      "radius": { "dist": "gaussian", "avg": 4, "var": 2 },
      "yPosRel": {"dist": "uniform", "avg": 0.965, "var": 0.03 },
      "thickness": { "dist": "stronginvexp", "avg": 1, "var": 0 }
    },
    "climate": {
      "maxTemp": 35
    }
  }
]