[
  {
    "op": "addeach",
    "path": "/0/ingredients/3/inputs/-",
    "value": [{ "type": "item", "code": "balancedthirst:vegetable-gourdpumpkin", "quantity": 1 }, { "type": "item", "code": "balancedthirst:pickledvegetable-gourdpumpkin", "quantity": 1 }],
    "side": "Server",
    "file": "expandedfoods:recipes/kneading/breadedball.json",
    "dependsOn": [ { "modid": "expandedfoods" } ]
  },
  {
    "op": "addeach",
    "path": "/1/ingredients/3/inputs/-",
    "value": [{ "type": "item", "code": "balancedthirst:vegetable-gourdpumpkin", "quantity": 1 }, { "type": "item", "code": "balancedthirst:pickledvegetable-gourdpumpkin", "quantity": 1 }],
    "side": "Server",
    "file": "expandedfoods:recipes/kneading/breadedball.json",
    "dependsOn": [ { "modid": "expandedfoods" } ]
  }
]