{
  "code": "waterportion",
  "class": "ItemLiquidPortion",
  "variantgroups": [
    { "code": "type", "states": ["pure", "boiled", "stagnant", "distilled"] }
  ],
  "matterState": "liquid",
  "attributes": {
    "handbook": {
      "ignoreCreativeInvStacks": true
    },
    "waterTightContainerProps": {
      "containable": true,
      "itemsPerLitre": 100,
      "texture": { "base": "balancedthirst:block/liquid/waterportion-{type}" },
      "tintIndex": 1,
      "whenSpilled": {
        "action": "DropContents",
        "stack": { "type": "item", "code": "balancedthirst:waterportion-{type}" }
      }
    },
    "distillationProps": {
      "distilledStack": { "type": "item", "code": "balancedthirst:waterportion-distilled" },
      "ratio": 1
    }
  },
  "transitionablePropsByType": {
    "*-pure": [{
      "type": "Perish",
      "freshHours": { "avg": 84 },
      "transitionHours": { "avg": 0 },
      "transitionedStack": { "type": "item", "code": "game:waterportion" },
      "transitionRatio": 1
    }],
    "*-stagnant": [{
      "type": "Perish",
      "freshHours": { "avg": 0 },
      "transitionHours": { "avg": 168 },
      "transitionedStack": { "type": "item", "code": "game:rot" },
      "transitionRatio": 0.005
    }],
    "*-boiled": [{
      "type": "Perish",
      "freshHours": { "avg": 84 },
      "transitionHours": { "avg": 0 },
      "transitionedStack": { "type": "item", "code": "game:waterportion" },
      "transitionRatio": 1
    }]
  },
  "shape": { "base": "game:item/liquid" },
  "textureByType": {
    "*-pure": { "base": "block/liquid/waterportion-pure" },
    "*-stagnant": { "base": "block/liquid/waterportion-stagnant" },
    "*-boiled": { "base": "block/liquid/waterportion-boiled" },
    "*": { "base": "game:block/liquid/waterportion" }
  },
  "creativeinventoryStacks": [ { "tabs": ["general", "liquids"],
    "stacks": [
      { "type": "block", "code": "game:woodbucket", "attributes": { "ucontents": [ { "type":"item", "code": "balancedthirst:waterportion-{type}", "makefull": true } ] } }
  ]}],
  "maxstacksize": 5000,
  "materialDensity": 200,
  "guiTransform": {
    "translation": { "x": 0, "y": 1, "z": 0 },
    "rotation": { "x": 123, "y": -33, "z": -13 },
    "origin": { "x": 0.5, "y": 0, "z": 0.5 },
    "scale": 1.4
  },
  "fpHandTransform": {
    "translation": { "x": 0, "y": 0, "z": 0 },
    "rotation": { "x": 25, "y": 157, "z": -5 }
  },
  "tpHandTransform": {
    "translation": { "x": -1.5, "y": -1, "z": -1.4 }
  }
}