[
  {
    "ingredientPattern": "K_,_L",
    "ingredients": {
      "K": { "type": "item", "code": "game:knife-*", "isTool": true },
      "L": { "type": "block", "code": "game:log-placed-*-ud", "name": "wood", 
        "skipVariants": ["aged", "veryaged", "veryagedrotten"] }
    },
    "width": 2,
    "height": 2,
    "output": { "type": "block", "code": "balancedthirst:woodenbowl-raw-{wood}"  }
  },
  {
    "ingredientPattern": "K_,_L",
    "ingredients": {
      "K": { "type": "item", "code": "game:knife-*", "isTool": true },
      "L": { "type": "block", "code": "game:debarkedlog-*-ud", "name": "wood",
        "skipVariants": ["aged", "veryaged", "veryagedrotten"]
      }
    },
    "width": 2,
    "height": 2,
    "output": { "type": "block", "code": "balancedthirst:woodenbowl-raw-{wood}"  }
  },
  {
    "ingredientPattern": "K_,_L",
    "ingredients": {
      "K": { "type": "item", "code": "game:knife-*", "isTool": true },
      "L": { "type": "block", "code": "game:logsection-placed-redwood-*" }
    },
    "width": 2,
    "height": 2,
    "output": { "type": "block", "code": "balancedthirst:woodenbowl-raw-redwood" }
  }
]