[
  {
    "file": "balancedthirst:blocktypes/waterskin.json",
    "op": "add",
    "path": "/enabled",
    "value": false,
    "dependsOn": [{ "modid": "liquidcontainers" }]
  },
  {
    "file": "balancedthirst:recipes/grid/waterskin.json",
    "op": "add",
    "path": "/0/enabled",
    "value": false,
    "dependsOn": [{ "modid": "liquidcontainers" }]
  },
  {
    "file": "balancedthirst:recipes/grid/waterskin.json",
    "op": "add",
    "path": "/1/enabled",
    "value": false,
    "dependsOn": [{ "modid": "liquidcontainers" }]
  },
  {
    "file": "balancedthirst:recipes/grid/waterskin.json",
    "op": "add",
    "path": "/2/enabled",
    "value": false,
    "dependsOn": [{ "modid": "liquidcontainers" }]
  },
  {
    "file": "balancedthirst:recipes/grid/waterskin.json",
    "op": "add",
    "path": "/3/enabled",
    "value": false,
    "dependsOn": [{ "modid": "liquidcontainers" }]
  }
]