{
  "code": "woodenbowl-meal",
  "behaviors": [
    { "name": "GroundStorable", "properties": { "layout": "Quadrants", "collisionBox": { "x1": 0, "y1": 0, "z1": 0, "x2": 1, "y2": 0.125, "z2": 1 } } },
    { "name": "Unplaceable", "__comment": "The ground storable obsoletes this being a block. Should be an item, but is kept a block for backwards compatibility" },
    { "name": "RightClickPickup"}
  ],
  "variantgroups": [
    { "code": "type", "states": ["raw", "waxed"] },
    { "code": "wood", "loadFromProperties": "floralzonescentralaustralianregion:block/wood" }
  ],
  "class": "BlockMeal",
  "attributes": {
    "shelvable": true,
    "handleCookingContainerInteract": true
  },
  "attributesByType": {
    "*-raw-*": {
      "eatenBlock": "balancedthirst:woodenbowl-raw-{wood}"
    },
    "*-waxed-*": {
      "eatenBlock": "balancedthirst:woodenbowl-waxed-{wood}"
    }
  },
  "entityClass": "Meal",
  "heldTpIdleAnimation": "holdbothhands",
  "shape": { "base": "game:block/clay/bowl-empty-ground" },
  "doNotRenderAtLod2": true,
  "blockmaterial": "Ceramic",
  "creativeinventory": { "general": [""], "decorative": [""] },
  "replaceable": 300,
  "resistance": 0.75,
  "maxStackSize": 1,
  "lightAbsorption": 0,
  "sounds": {
    "place": "game:block/planks",
    "hit": "game:block/planks",
    "break": "game:block/planks",
    "walk": "game:walk/wood"
  },
  "texturesByType": {
    "*-raw-*": {
      "floor": { "base": "game:block/wood/debarked/{wood}" },
      "mat": { "base": "game:block/wood/debarked/{wood}" }
    },
    "*-waxed-*": {
      "floor": { "base": "game:block/wood/debarked/{wood}" },
      "mat": { "base": "game:block/wood/debarked/{wood}" }
    }
  },
  "textures": {
    "transparent": { "base": "game:block/transparent" }
  },
  "sideopaque": {
    "all": false
  },
  "sidesolid": {
    "all": false
  },
  "collisionbox": { "x1": 0.3125, "y1": 0, "z1": 0.3125, "x2": 0.6875, "y2": 0.125, "z2": 0.6875 },
  "selectionbox": { "x1": 0.3125, "y1": 0, "z1": 0.3125, "x2": 0.6875, "y2": 0.125, "z2": 0.6875 },
  "guiTransform": {
    "translation": { "x": 0, "y": 3, "z": 0 },
    "origin": { "x": 0.5, "y": 0.0625, "z": 0.5 },
    "scale": 3
  },
  "groundTransform": {
    "scale": 3.5
  },
  "fpHandTransform": {
    "translation": { "x": 0, "y": 0.4, "z": 0 },
    "rotation": { "x": 0, "y": -14, "z": 0 },
    "scale": 2
  },
  "tpHandTransform": {
    "translation": { "x": -0.84, "y": -0.2, "z": -0.58 },
    "rotation": { "x": 90, "y": 0, "z": -60 },
    "origin": { "x": 0.5, "y": 0.1, "z": 0.5 },
    "scale": 0.66
  }
}