{
  "code": "game:spiritportion",
  "variantGroups": [
    { "code": "fruit", "states": ["calabash" ] }
  ],
  "class": "ItemLiquidPortion",
  "matterState": "liquid",
  "attributes": {
    "handbook": {
      "ignoreCreativeInvStacks": true
    },
    "distillationProps": {
      "distilledStack": { "type": "item", "code": "game:alcoholportion" },
      "ratio": 0.5
    },
    "waterTightContainerProps": {
      "containable": true,
      "itemsPerLitre": 100,
      "texturebytype": {
        "*-calabash": { "base": "game:block/food/pie/fill-{fruit}", "alpha": 100 }
      },
      "allowSpill": true,
      "whenSpilled": {
        "action": "DropContents",
        "stack": { "type": "item", "code": "game:spiritportion-{fruit}" }
      },
      "nutritionPropsPerLitre": {
        "satiety": 160,
        "intoxication": 1.5,
        "foodcategory": "NoNutrition"
      }
    }
  },
  "shape": { "base": "game:item/liquid" },
  "texturebytype": {
    "*-calabash": { "base": "game:block/food/pie/fill-{fruit}", "alpha": 100 }
  },
  "creativeinventoryStacks": [ { "tabs": ["general", "liquids"], "stacks": [ { "type": "block", "code": "game:woodbucket", "attributes": { "ucontents": [ { "type":"item", "code": "game:spiritportion-{fruit}", "makefull": true } ] } } ] } ],
  "maxstacksize": 5000,
  "materialDensity": 200,
  "guiTransform": {
    "translation": { "x": 0, "y": 1, "z": 0 },
    "rotation": { "x": 123, "y": -33, "z": -13 },
    "origin": { "x": 0.5, "y": 0, "z": 0.5 },
    "scale": 1.4
  },
  "fpHandTransform": {
    "translation": { "x": 0, "y": 0, "z": 0 },
    "rotation": { "x": 25, "y": 157, "z": -5 }
  },
  "tpHandTransform": {
    "translation": { "x": -1.5, "y": -1, "z": -1.4 }
  }
}