{
  "code": "dowsingrod",
  "class": "balancedthirst.ItemDowsingRod",
  "behaviors": [
    { "name": "GroundStorable", "properties": { "layout": "Quadrants", "collisionBox": { "x1": 0, "y1": 0, "z1": 0, "x2": 1, "y2": 0.125, "z2": 1 } } }
  ],
  "variantgroups": [
    { "code": "metal", "states": ["copper", "tinbronze", "bismuthbronze", "blackbronze", "gold", "silver",
      "iron", "meteoriciron", "steel"
    ] }
  ],
  "shape": { "base": "balancedthirst:dowsingrod" },
  "attributes": {
    "rackable": true,
    "toolrackTransform": {
      "translation": { "x": 1, "y": 0, "z": 0 },
      "rotation": { "x": 0, "y": 0, "z": 180 },
      "origin": { "x": 0, "y": 0.5, "z": 0 },
      "scale": 1.01
    },
    "heatResistant": true,
    "groundStorageTransformByType": {
      "*": {
        "translation": { "x": 0, "y": 0.2, "z": 0.2 },
        "rotation": { "x": 0, "y": -91, "z": -109 }
      }
    }
  },
  "texturesByType": {
    "*": {
      "metal": { "base": "game:block/metal/ingot/{metal}" }
    }
  },
  "durabilitybytype": {
    "dowsingrod-copper": 600,
    "dowsingrod-gold": 1000,
    "dowsingrod-silver": 1000,
    "dowsingrod-tinbronze": 1000,
    "dowsingrod-bismuthbronze": 1200,
    "dowsingrod-blackbronze": 1400,
    "dowsingrod-iron": 2000,
    "dowsingrod-meteoriciron": 2800,
    "dowsingrod-steel": 6000
  },
  "creativeinventory": { "general": ["*"], "items": ["*"], "tools": ["*"] },
  "maxstacksize": 1,
  "materialDensity": 450,
  "attackRange": 2.5,
  "combustibleProps": {
    "burnTemperature": 700,
    "burnDuration": 8
  },
  "fpHandTransform": {
    "translation": { "x": 0, "y": 0, "z": 0 },
    "rotation": { "x": 72, "y": 143, "z": -30 },
    "origin": { "x": 0.5, "y": 0.3, "z": 0.5 },
    "scale": 1.53
  },
  "guiTransform": {
    "translation": { "x": 0, "y": 0, "z": 0 },
    "rotation": { "x": -53, "y": 91, "z": -9 },
    "origin": { "x": 0.58, "y": 0.19, "z": 0.44 },
    "scale": 2.11
  },
  "tpHandTransform": {
    "translation": { "x": -1.22, "y": -0.22, "z": -0.89 },
    "rotation": { "x": -33, "y": 30, "z": -51 },
    "origin": { "x": 0.5, "y": 0, "z": 0.5 },
    "scale": 0.5899
  },
  "groundTransform": {
    "translation": { "x": 0, "y": 0, "z": 0 },
    "rotation": { "x": 0, "y": 0, "z": 0 },
    "origin": { "x": 0.5, "y": 0, "z": 0.5 },
    "scale": 5
  }
}