{
  code: "drinkitem",
  maxstacksize: 64,
  variantgroups: [
    { code: "type", states: ["bambooshoot"] },
  ],
  shapebytype: {
    "*-bambooshoot": { base: "game:item/food/vegetable/bambooshoot" }
  },
  "attributes": {
    "hydrationProps": {
      "Hydration": 100,
      "Contamination": 0.0
    }
  },
  creativeinventory: { "general": ["*"], "items": ["*"] },
  materialDensity: 600,
  guiTransform: {
    translation: { x: 2.5, y: 1, z: 0 },
    rotation: { x: 137, y: 131, z: 0 },
    origin: { x: 0.5, y: 0.27, z: 0.5 },
    scale: 2.6
  },
  fpHandTransformByType: {
    "*-bambooshoot": {
      translation: { x: 0, y: 0, z: 0 },
      rotation: { x: 51, y: 90, z: -30 },
      scale: 1.9
    }
  },
  tpHandTransformByType: {
    "*-bambooshoot": {
      translation: { x: -0.5, y: -0.14, z: -0.63 },
      rotation: { x: 1, y: -1, z: -90 },
      origin: { x: 0.5, y: 0.1, z: 0.5 },
      scale: 0.77
    }
  },
  groundTransformByType: {
    "*-bambooshoot": {
      translation: { x: 0, y: 0, z: 0 },
      rotation: { x: 0, y: 0, z: 0 },
      origin: { x: 0.5, y: 0, z: 0.5 },
      scale: 3.5
    }
  }
}