{
	"editor": {
		"collapsedPaths": "Root/lip,Root/snout,Root/body,Root/bottom",
		"allAngles": false,
		"entityTextureMode": false
	},
	"textureWidth": 16,
	"textureHeight": 16,
	"textureSizes": {
	},
	"textures": {
		"other": "block/clay/ceramic",
		"floor": "block/clay/ceramic-dark"
	},
	"elements": [
		{
			"name": "base",
			"from": [ 4.0, 0.0, 4.0 ],
			"to": [ 14.0, 1.0, 12.0 ],
			"rotationOrigin": [ -1.0, 0.0, 0.0 ],
			"faces": {
				"up": { "texture": "#floor", "uv": [ 4.0, 4.0, 14.0, 12.0 ] },
				"down": { "texture": "#other", "uv": [ 4.5, 4.0, 14.5, 12.0 ] }
			},
			"children": [
				{
					"name": "walls_0",
					"from": [ -2.0, 0.0, 8.0 ],
					"to": [ 10.0, 9.0, 10.0 ],
					"rotationOrigin": [ -2.0, 0.0, 8.0 ],
					"faces": {
						"north": { "texture": "#other", "uv": [ 0.0, 0.0, 12.0, 9.0 ], "windMode": [-1,-1,-1,-1] },
						"east": { "texture": "#other", "uv": [ 0.0, 0.0, 2.0, 9.0 ], "windMode": [-1,-1,-1,-1] },
						"south": { "texture": "#other", "uv": [ 0.0, 0.0, 12.0, 9.0 ], "windMode": [-1,-1,-1,-1] },
						"west": { "texture": "#other", "uv": [ 0.0, 0.0, 2.0, 9.0 ], "windMode": [-1,-1,-1,-1] },
						"up": { "texture": "#other", "uv": [ 0.0, 11.0, 12.0, 13.0 ], "windMode": [-1,-1,-1,-1] },
						"down": { "texture": "#other", "uv": [ 0.0, 11.0, 12.0, 13.0 ], "windMode": [-1,-1,-1,-1] }
					}
				},
				{
					"name": "walls_1",
					"from": [ -2.0, 0.0, -2.0 ],
					"to": [ 10.0, 9.0, 0.0 ],
					"rotationOrigin": [ -2.0, 0.0, -2.0 ],
					"faces": {
						"north": { "texture": "#other", "uv": [ 0.0, 0.0, 12.0, 9.0 ] },
						"east": { "texture": "#other", "uv": [ 0.0, 0.0, 2.0, 9.0 ] },
						"south": { "texture": "#other", "uv": [ 0.0, 0.0, 12.0, 9.0 ] },
						"west": { "texture": "#other", "uv": [ 0.0, 0.0, 2.0, 9.0 ] },
						"up": { "texture": "#other", "uv": [ 0.0, 11.0, 12.0, 13.0 ] },
						"down": { "texture": "#other", "uv": [ 0.0, 11.0, 12.0, 13.0 ] }
					}
				},
				{
					"name": "walls_2",
					"from": [ 8.0, 0.0, 0.0 ],
					"to": [ 10.0, 3.0, 8.0 ],
					"rotationOrigin": [ 8.0, 0.0, 0.0 ],
					"faces": {
						"north": { "texture": "#other", "uv": [ 0.0, 0.0, 2.0, 3.0 ] },
						"east": { "texture": "#other", "uv": [ 0.0, 0.0, 8.0, 3.0 ] },
						"south": { "texture": "#other", "uv": [ 0.0, 0.0, 2.0, 3.0 ] },
						"west": { "texture": "#other", "uv": [ 0.0, 0.0, 8.0, 3.0 ] },
						"up": { "texture": "#other", "uv": [ 0.0, 0.5, 2.0, 8.5 ] },
						"down": { "texture": "#other", "uv": [ 0.0, 0.0, 2.0, 8.0 ] }
					}
				},
				{
					"name": "walls_3",
					"from": [ -2.0, 0.0, 0.0 ],
					"to": [ 0.0, 9.0, 8.0 ],
					"rotationOrigin": [ -2.0, 0.0, 0.0 ],
					"faces": {
						"north": { "texture": "#other", "uv": [ 0.0, 0.0, 2.0, 9.0 ] },
						"east": { "texture": "#other", "uv": [ 0.0, 0.0, 8.0, 9.0 ] },
						"south": { "texture": "#other", "uv": [ 0.0, 0.0, 2.0, 9.0 ] },
						"west": { "texture": "#other", "uv": [ 0.0, 0.0, 8.0, 9.0 ] },
						"up": { "texture": "#other", "uv": [ 0.0, 0.5, 2.0, 8.5 ] },
						"down": { "texture": "#other", "uv": [ 0.0, 0.0, 2.0, 8.0 ] }
					}
				},
				{
					"name": "walls_6",
					"from": [ 5.5, 0.0, 2.5 ],
					"to": [ 6.5, 7.0, 5.5 ],
					"rotationOrigin": [ 5.5, 0.0, 2.5 ],
					"faces": {
						"north": { "texture": "#other", "uv": [ 0.0, 0.0, 1.0, 7.0 ] },
						"east": { "texture": "#other", "uv": [ 0.0, 0.0, 3.0, 7.0 ] },
						"south": { "texture": "#other", "uv": [ 0.0, 0.0, 1.0, 7.0 ] },
						"west": { "texture": "#other", "uv": [ 0.0, 0.0, 3.0, 7.0 ] },
						"up": { "texture": "#other", "uv": [ 0.0, 0.5, 1.0, 3.5 ] },
						"down": { "texture": "#other", "uv": [ 0.0, 0.0, 1.0, 3.0 ] }
					}
				},
				{
					"name": "walls_8",
					"from": [ 2.5, 0.0, 6.5 ],
					"to": [ 7.5, 7.0, 9.5 ],
					"rotationOrigin": [ 2.5, 0.0, 6.5 ],
					"rotationY": 90.0,
					"faces": {
						"north": { "texture": "#other", "uv": [ 0.0, 0.0, 5.0, 7.0 ] },
						"east": { "texture": "#other", "uv": [ 0.0, 0.0, 3.0, 7.0 ] },
						"south": { "texture": "#other", "uv": [ 0.0, 0.0, 5.0, 7.0 ] },
						"west": { "texture": "#other", "uv": [ 0.0, 0.0, 3.0, 7.0 ] },
						"up": { "texture": "#other", "uv": [ 0.0, 0.5, 5.0, 3.5 ] },
						"down": { "texture": "#other", "uv": [ 0.0, 0.0, 5.0, 3.0 ] }
					}
				},
				{
					"name": "walls_9",
					"from": [ 7.0, 0.0, 1.0 ],
					"to": [ 8.0, 9.0, 2.0 ],
					"rotationOrigin": [ 7.0, 0.0, 1.0 ],
					"rotationY": 90.0,
					"faces": {
						"north": { "texture": "#other", "uv": [ 0.0, 0.0, 1.0, 9.0 ] },
						"east": { "texture": "#other", "uv": [ 0.0, 0.0, 1.0, 9.0 ] },
						"south": { "texture": "#other", "uv": [ 0.0, 0.0, 1.0, 9.0 ] },
						"west": { "texture": "#other", "uv": [ 0.0, 0.0, 1.0, 9.0 ] },
						"up": { "texture": "#other", "uv": [ 0.0, 0.5, 1.0, 1.5 ] },
						"down": { "texture": "#other", "uv": [ 0.0, 0.0, 1.0, 1.0 ] }
					}
				},
				{
					"name": "walls_10",
					"from": [ 0.0, 0.0, 1.0 ],
					"to": [ 1.0, 9.0, 2.0 ],
					"rotationOrigin": [ 0.0, 0.0, 1.0 ],
					"rotationY": 90.0,
					"faces": {
						"north": { "texture": "#other", "uv": [ 0.0, 0.0, 1.0, 9.0 ] },
						"east": { "texture": "#other", "uv": [ 0.0, 0.0, 1.0, 9.0 ] },
						"south": { "texture": "#other", "uv": [ 0.0, 0.0, 1.0, 9.0 ] },
						"west": { "texture": "#other", "uv": [ 0.0, 0.0, 1.0, 9.0 ] },
						"up": { "texture": "#other", "uv": [ 0.0, 0.5, 1.0, 1.5 ] },
						"down": { "texture": "#other", "uv": [ 0.0, 0.0, 1.0, 1.0 ] }
					}
				},
				{
					"name": "walls_11",
					"from": [ 0.0, 0.0, 8.0 ],
					"to": [ 1.0, 9.0, 9.0 ],
					"rotationOrigin": [ 0.0, 0.0, 8.0 ],
					"rotationY": 90.0,
					"faces": {
						"north": { "texture": "#other", "uv": [ 0.0, 0.0, 1.0, 9.0 ] },
						"east": { "texture": "#other", "uv": [ 0.0, 0.0, 1.0, 9.0 ] },
						"south": { "texture": "#other", "uv": [ 0.0, 0.0, 1.0, 9.0 ] },
						"west": { "texture": "#other", "uv": [ 0.0, 0.0, 1.0, 9.0 ] },
						"up": { "texture": "#other", "uv": [ 0.0, 0.5, 1.0, 1.5 ] },
						"down": { "texture": "#other", "uv": [ 0.0, 0.0, 1.0, 1.0 ] }
					}
				},
				{
					"name": "walls_12",
					"from": [ 7.0, 0.0, 8.0 ],
					"to": [ 8.0, 9.0, 9.0 ],
					"rotationOrigin": [ 7.0, 0.0, 8.0 ],
					"rotationY": 90.0,
					"faces": {
						"north": { "texture": "#other", "uv": [ 0.0, 0.0, 1.0, 9.0 ] },
						"east": { "texture": "#other", "uv": [ 0.0, 0.0, 1.0, 9.0 ] },
						"south": { "texture": "#other", "uv": [ 0.0, 0.0, 1.0, 9.0 ] },
						"west": { "texture": "#other", "uv": [ 0.0, 0.0, 1.0, 9.0 ] },
						"up": { "texture": "#other", "uv": [ 0.0, 0.5, 1.0, 1.5 ] },
						"down": { "texture": "#other", "uv": [ 0.0, 0.0, 1.0, 1.0 ] }
					}
				},
				{
					"name": "walls_7",
					"from": [ 1.5, 0.0, 2.5 ],
					"to": [ 2.5, 7.0, 5.5 ],
					"rotationOrigin": [ 1.5, 0.0, 2.5 ],
					"faces": {
						"north": { "texture": "#other", "uv": [ 0.0, 0.0, 1.0, 7.0 ] },
						"east": { "texture": "#other", "uv": [ 0.0, 0.0, 3.0, 7.0 ] },
						"south": { "texture": "#other", "uv": [ 0.0, 0.0, 1.0, 7.0 ] },
						"west": { "texture": "#other", "uv": [ 0.0, 0.0, 3.0, 7.0 ] },
						"up": { "texture": "#other", "uv": [ 0.0, 0.5, 1.0, 3.5 ] },
						"down": { "texture": "#other", "uv": [ 0.0, 0.0, 1.0, 3.0 ] }
					}
				},
				{
					"name": "walls_4",
					"from": [ 8.0, 6.0, 0.0 ],
					"to": [ 10.0, 9.0, 8.0 ],
					"rotationOrigin": [ 8.0, 6.0, 0.0 ],
					"faces": {
						"north": { "texture": "#other", "uv": [ 0.0, 0.0, 2.0, 3.0 ] },
						"east": { "texture": "#other", "uv": [ 0.0, 0.0, 8.0, 3.0 ] },
						"south": { "texture": "#other", "uv": [ 0.0, 0.0, 2.0, 3.0 ] },
						"west": { "texture": "#other", "uv": [ 0.0, 0.0, 8.0, 3.0 ] },
						"up": { "texture": "#other", "uv": [ 0.0, 0.5, 2.0, 8.5 ] },
						"down": { "texture": "#other", "uv": [ 0.0, 0.0, 2.0, 8.0 ] }
					}
				},
				{
					"name": "walls_5",
					"from": [ 8.0, 3.0, 0.0 ],
					"to": [ 10.0, 6.0, 3.0 ],
					"rotationOrigin": [ 8.0, 3.0, 0.0 ],
					"faces": {
						"north": { "texture": "#other", "uv": [ 0.0, 0.0, 2.0, 3.0 ] },
						"east": { "texture": "#other", "uv": [ 0.0, 0.0, 3.0, 3.0 ] },
						"south": { "texture": "#other", "uv": [ 0.0, 0.0, 2.0, 3.0 ] },
						"west": { "texture": "#other", "uv": [ 0.0, 0.0, 3.0, 3.0 ] },
						"up": { "texture": "#other", "uv": [ 0.0, 0.5, 2.0, 3.5 ] },
						"down": { "texture": "#other", "uv": [ 0.0, 0.0, 2.0, 3.0 ] }
					}
				},
				{
					"name": "walls_13",
					"from": [ 8.0, 3.0, 5.0 ],
					"to": [ 10.0, 6.0, 8.0 ],
					"rotationOrigin": [ 8.0, 3.0, 5.0 ],
					"faces": {
						"north": { "texture": "#other", "uv": [ 0.0, 0.0, 2.0, 3.0 ] },
						"east": { "texture": "#other", "uv": [ 0.0, 0.0, 3.0, 3.0 ] },
						"south": { "texture": "#other", "uv": [ 0.0, 0.0, 2.0, 3.0 ] },
						"west": { "texture": "#other", "uv": [ 0.0, 0.0, 3.0, 3.0 ] },
						"up": { "texture": "#other", "uv": [ 0.0, 0.5, 2.0, 3.5 ] },
						"down": { "texture": "#other", "uv": [ 0.0, 0.0, 2.0, 3.0 ] }
					}
				},
				{
					"name": "walls_14",
					"from": [ 10.0, 0.0, 0.0 ],
					"to": [ 12.0, 9.0, 8.0 ],
					"rotationOrigin": [ 10.0, 0.0, 0.0 ],
					"faces": {
						"north": { "texture": "#other", "uv": [ 0.0, 0.0, 2.0, 9.0 ] },
						"east": { "texture": "#other", "uv": [ 0.0, 0.0, 8.0, 9.0 ] },
						"south": { "texture": "#other", "uv": [ 0.0, 0.0, 2.0, 9.0 ] },
						"west": { "texture": "#other", "uv": [ 0.0, 0.0, 8.0, 9.0 ] },
						"up": { "texture": "#other", "uv": [ 0.0, 0.5, 2.0, 8.5 ] },
						"down": { "texture": "#other", "uv": [ 0.0, 0.0, 2.0, 8.0 ] }
					}
				}
			]
		}
	]}