[
  {
    "ingredientPattern": "K_,_L",
    "ingredients": {
      "K": { "type": "item", "code": "game:knife-*", "isTool": true },
      "L": { "type": "block", "code": "floralzonescarribeanregion:log-placed-*-ud", "name": "wood" }
    },
    "width": 2,
    "height": 2,
    "output": { "type": "block", "code": "balancedthirst:woodenbowl-raw-{wood}"  }
  },
  {
    "ingredientPattern": "K_,_L",
    "ingredients": {
      "K": { "type": "item", "code": "game:knife-*", "isTool": true },
      "L": { "type": "block", "code": "floralzonescarribeanregion:debarkedlog-*-ud", "name": "wood" }
    },
    "width": 2,
    "height": 2,
    "output": { "type": "block", "code": "balancedthirst:woodenbowl-raw-{wood}"  }
  }
]