[
  {
    "ingredientPattern": "KG",
    "ingredients": {
      "G": { "type": "block", "code": "balancedthirst:gourdpumpkin-fruit-*", "name": "stage", "allowedVariants": ["3"] },
      "K": { "type": "item", "code": "game:knife-*", "isTool": true }
    },
    "width": 2,
    "height": 1,
    "output": { "type": "item", "code": "balancedthirst:vegetable-gourdpumpkin", "quantity": 3  }
  },
  {
    "ingredientPattern": "KG",
    "ingredients": {
      "G": { "type": "block", "code": "balancedthirst:gourdpumpkin-fruit-*", "name": "stage", "allowedVariants": ["4"] },
      "K": { "type": "item", "code": "game:knife-*", "isTool": true }
    },
    "width": 2,
    "height": 1,
    "output": { "type": "item", "code": "balancedthirst:vegetable-gourdpumpkin", "quantity": 4  }
  }
]