{
  "code": "expandedfoods:breadedvegetable",
  "class": "ExpandedFood",
  "maxstacksize": 64,
  "variantgroups": [
    { "code": "type",	"states": [ "flax", "rice", "rye", "spelt", "cassava", "amaranth", "sunflower",
      "birch", "pine", "maple", "acorn" ]},
    { "code": "veggie", "states": ["calabash", "pickledcalabash"]},
    { "code": "state", "states": ["raw", "partbaked", "cooked", "charred", "syruppartbaked", "syrupv", "syrupcharred", "oiled"] }
  ],
  "skipVariants": [],
  "attributes": {
    "displaycaseable": true,
    "shelvable": true,
    "expandedNutritionProps": {
      "game:flour-flax": {"saturation": 80, "foodcategory": "Grain"},
      "game:flour-rye": {"saturation": 150, "foodcategory": "Grain"},
      "game:flour-spelt": {"saturation": 150, "foodcategory": "Grain"},
      "game:flour-cassava": {"saturation": 150, "foodcategory": "Grain"},
      "game:flour-amaranth": {"saturation": 150, "foodcategory": "Grain"},
      "game:flour-sunflower": {"saturation": 150, "foodcategory": "Grain"},
      "game:flour-rice": {"saturation": 165, "foodcategory": "Grain"},
      "game:flour-birch" : { "saturation": 50, "foodcategory": "Grain" },
      "game:flour-pine" : { "saturation": 50, "foodcategory": "Grain" },
      "game:flour-maple" : { "saturation": 50, "foodcategory": "Grain" },
      "acorns:flour-acorn": {"saturation": 150, "foodcategory": "Grain"},
      "wildcraft:flour-acorn": {"saturation": 150, "foodcategory": "Grain"},
      "expandedfoods:breadcrumbs-flax": {"saturation": 80, "foodcategory": "Grain"},
      "expandedfoods:breadcrumbs-rice": {"saturation": 160, "foodcategory": "Grain"},
      "expandedfoods:breadcrumbs-spelt": {"saturation": 150, "foodcategory": "Grain"},
      "expandedfoods:breadcrumbs-rye": {"saturation": 150, "foodcategory": "Grain"},
      "expandedfoods:breadcrumbs-cassava": {"saturation": 150, "foodcategory": "Grain"},
      "expandedfoods:breadcrumbs-amaranth": {"saturation": 150, "foodcategory": "Grain"},
      "expandedfoods:breadcrumbs-sunflower": {"saturation": 150, "foodcategory": "Grain"},
      "expandedfoods:breadcrumbs-birch": {"saturation": 50, "foodcategory": "Grain"},
      "expandedfoods:breadcrumbs-pine": {"saturation": 50, "foodcategory": "Grain"},
      "expandedfoods:breadcrumbs-maple": {"saturation": 50, "foodcategory": "Grain"},
      "expandedfoods:breadcrumbs-acorn": {"saturation": 160, "foodcategory": "Grain"},
      "expandedfoods:herbalbreadcrumbs": {"saturation": 150, "health": 0.5, "foodcategory": "Grain"},
      "aculinaryartillery:eggwhiteportion": { "saturation": 3, "foodcategory": "Protein"},
      "aculinaryartillery:eggyolkportion-chicken": { "saturation": 17, "foodcategory": "Protein"},
      "aculinaryartillery:eggyolkportion-pheasant": { "saturation": 25, "foodcategory": "Protein"},
      "aculinaryartillery:eggyolkportion-goldenpheasant": { "saturation": 25, "foodcategory": "Protein"},
      "aculinaryartillery:eggyolkportion-capercaillie": { "saturation": 25, "foodcategory": "Protein"},
      "aculinaryartillery:eggyolkportion-wildturkey": { "saturation": 25, "foodcategory": "Protein"},
      "aculinaryartillery:eggyolkfullportion-chicken": { "saturation": 20, "foodcategory": "Protein"},
      "aculinaryartillery:eggyolkfullportion-pheasant": { "saturation": 28, "foodcategory": "Protein"},
      "aculinaryartillery:eggyolkfullportion-goldenpheasant": { "saturation": 28, "foodcategory": "Protein"},
      "aculinaryartillery:eggyolkfullportion-capercaillie": { "saturation": 28, "foodcategory": "Protein"},
      "aculinaryartillery:eggyolkfullportion-wildturkey": { "saturation": 28, "foodcategory": "Protein"},
      "expandedfoods:foodoilportion-*" : { "saturation": 6.4, "health": 0.1, "foodcategory": "Vegetable" },
      "expandedfoods:treesyrupportion-*" : { "saturation": 9.6, "health": 0.1, "foodcategory": "Fruit" },
      "expandedfoods:fruitsyrupportion-saguaro" : { "saturation": 12, "health": 0.2, "foodcategory": "Fruit" },
      "expandedfoods:fruitsyrupportion-*" : { "saturation": 12, "health": 0.1, "foodcategory": "Fruit" },
      "expandedfoods:wildfruitsyrupportion-cloudberry" : { "saturation": 12, "health": 0.5, "foodcategory": "Fruit" },
      "expandedfoods:wildfruitsyrupportion-husktomato" : { "saturation": 12, "health": 0.3, "foodcategory": "Fruit" },
      "expandedfoods:wildfruitsyrupportion-juniper" : { "saturation": 12, "health": 0.3, "foodcategory": "Fruit" },
      "expandedfoods:wildfruitsyrupportion-coralbead" : { "saturation": 12, "health": -0.1, "foodcategory": "Fruit" },
      "expandedfoods:wildfruitsyrupportion-pokeberry" : { "saturation": 12, "health": -0.25, "foodcategory": "Fruit" },
      "expandedfoods:wildfruitsyrupportion-snowberry" : { "saturation": 12, "health": -0.25, "foodcategory": "Fruit" },
      "expandedfoods:wildfruitsyrupportion-falseorange" : { "saturation": 12, "health": -0.25, "foodcategory": "Fruit" },
      "expandedfoods:wildfruitsyrupportion-blacknightshadeunripe" : { "saturation": 12, "health": -1, "foodcategory": "Fruit" },
      "expandedfoods:wildfruitsyrupportion-bitternightshade" : { "saturation": 12, "health": -2, "foodcategory": "Fruit" },
      "expandedfoods:wildfruitsyrupportion-wolfberry" : { "saturation": 12, "health": -3, "foodcategory": "Fruit" },
      "expandedfoods:wildfruitsyrupportion-seamango" : { "saturation": 12, "health": -4, "foodcategory": "Fruit" },
      "expandedfoods:wildfruitsyrupportion-crowseye" : { "saturation": 12, "health": -5, "foodcategory": "Fruit" },
      "expandedfoods:wildfruitsyrupportion-*" : { "saturation": 12, "health": 0.1, "foodcategory": "Fruit" },
      "expandedfoods:lard" : { "saturation": 16, "health": 0.1, "foodcategory": "Protein" },
      "expandedfoods:fishsauce" : { "saturation": 5, "foodcategory": "Protein" },
      "expandedfoods:soysauce" : { "saturation": 6.4, "health": 0.1, "foodcategory": "Protein" },
      "game:honeyportion" : { "saturation": 4, "foodcategory": "Fruit" },
      "game:salt": {"saturation": 10, "health": 0.5, "foodcategory": "Grain"}
    },
    "bakingPropertiesByType": {
      "*-raw": {
        "temp": 100,
        "levelFrom": 0.0,
        "levelTo": 0.25,
        "startScaleY": 1.0,
        "endScaleY": 1.0,
        "resultCode": "expandedfoods:breadedvegetable-{type}-{veggie}-partbaked"
      },
      "*-oiled": {
        "temp": 100,
        "levelFrom": 0.0,
        "levelTo": 0.25,
        "startScaleY": 1.0,
        "endScaleY": 1.0,
        "resultCode": "expandedfoods:breadedvegetable-{type}-{veggie}-partbaked"
      },
      "*-partbaked": {
        "temp": 100,
        "levelFrom": 0.25,
        "levelTo": 0.5,
        "startScaleY": 1.0,
        "endScaleY": 0.9,
        "resultCode": "expandedfoods:breadedvegetable-{type}-{veggie}-cooked"
      },
      "*-cooked": {
        "temp": 100,
        "levelFrom": 0.5,
        "levelTo": 0.75,
        "startScaleY": 0.9,
        "endScaleY": 0.8,
        "resultCode": "expandedfoods:breadedvegetable-{type}-{veggie}-charred",
        "initialCode": "expandedfoods:breadedvegetable-{type}-{veggie}-partbaked"
      },
      "*-charred": {
        "temp": 100,
        "levelFrom": 0.85,
        "levelTo": 1.0,
        "startScaleY": 0.8,
        "endScaleY": 0.7,
        "initialCode": "expandedfoods:breadedvegetable-{type}-{veggie}-cooked"
      },
      "*-syruppartbaked": {
        "temp": 100,
        "levelFrom": 0.25,
        "levelTo": 0.5,
        "startScaleY": 1.0,
        "endScaleY": 0.9,
        "resultCode": "expandedfoods:breadedvegetable-{type}-{veggie}-syrupv"
      },
      "*-syrupv": {
        "temp": 100,
        "levelFrom": 0.5,
        "levelTo": 0.75,
        "startScaleY": 0.9,
        "endScaleY": 0.8,
        "resultCode": "expandedfoods:breadedvegetable-{type}-{veggie}-syrupcharred",
        "initialCode": "expandedfoods:breadedvegetable-{type}-{veggie}-syruppartbaked"
      },
      "*-syrupcharred": {
        "temp": 100,
        "levelFrom": 0.85,
        "levelTo": 1.0,
        "startScaleY": 0.8,
        "endScaleY": 0.7,
        "initialCode": "expandedfoods:breadedvegetable-{type}-{veggie}-syrupv"
      }
    },
    "onDisplayTransformByType": {
      "*-carrot-*": { "rotation": { "x": 0, "y": 45, "z": 90}, "translation": { "x": -0.2, "y": -0.45, "z": 0.2 }, "scale": 1 },
      "*-pickledcarrot-*": { "rotation": { "x": 0, "y": 45, "z": 90}, "translation": { "x": -0.2, "y": -0.45, "z": 0.2 }, "scale": 1 },
      "*-parsnip-*": { "rotation": { "x": 0, "y": 45, "z": 90}, "translation": { "x": -0.2, "y": -0.45, "z": 0.2 }, "scale": 1 },
      "*-pickledparsnip-*": { "rotation": { "x": 0, "y": 45, "z": 90}, "translation": { "x": -0.2, "y": -0.45, "z": 0.2 }, "scale": 1 },
      "*-turnip-*": { "rotation": { "x": 0, "y": 45, "z": 90}, "translation": { "x": -0.2, "y": -0.45, "z": 0.2 }, "scale": 1 },
      "*-pickledturnip-*": { "rotation": { "x": 0, "y": 45, "z": 90}, "translation": { "x": -0.2, "y": -0.45, "z": 0.2 }, "scale": 1 },
      "*": { "translation": { "x": 0, "y": 0, "z": 0 }, "scale": 1  }
    },
    "renderIngredientsByType": {
      "*": {
        "balancedthirst:vegetable-gourdpumpkin": "balancedthirst:shapes/item/vegetable/strips.json",
        "balancedthirst:pickledvegetable-gourdpumpkin": "balancedthirst:shapes/item/vegetable/strips.json"
      }
    },
    "satMultByType": {
      "*-partbaked": 0.5,
      "*-cooked": 1,
      "*-charred": 0.75,
      "*-syruppartbaked": 0.5,
      "*-syrupv": 1,
      "*-syrupcharred": 0.75
    }
  },
  "shapebytype":	{
    "*-calabash-*": { "base": "balancedthirst:item/vegetable/strips" },
    "*-pickledcalabash-*": { "base": "balancedthirst:item/vegetable/strips" },
    "*": {"base": "item/food/veggies/{veggie}"}
  },
  "texturesByType": {
    "*-syruppartbaked": {
      "calabash": { "base": "expandedfoods:item/food/grain/breading/{type}-fish" },
      "pickledcalabash": { "base": "expandedfoods:item/food/grain/breading/{type}-fish" }
    },
    "*-syrupv": {
      "calabash": { "base": "expandedfoods:item/food/grain/breading/{type}-fish" },
      "pickledcalabash": { "base": "expandedfoods:item/food/grain/breading/{type}-fish" }
    },
    "*-syrupcharred": {
      "calabash": { "base": "expandedfoods:item/food/grain/breading/{type}-fish" },
      "pickledcalabash": { "base": "expandedfoods:item/food/grain/breading/{type}-fish" }
    },
    "*-partbaked": {
      "calabash": { "base": "expandedfoods:item/food/grain/breading/{type}-partbaked" },
      "pickledcalabash": { "base": "expandedfoods:item/food/grain/breading/{type}-partbaked" }
    },
    "*-cooked": {
      "calabash": { "base": "expandedfoods:item/food/grain/breading/{type}-cooked" },
      "pickledcalabash": { "base": "expandedfoods:item/food/grain/breading/{type}-cooked" }
    },
    "*-charred": {
      "calabash": { "base": "expandedfoods:item/food/grain/breading/{type}-charred" },
      "pickledcalabash": { "base": "expandedfoods:item/food/grain/breading/{type}-charred" }
    },
    "*-oiled": {
      "calabash": { "base": "expandedfoods:item/food/grain/breading/{type}-oiled" },
      "pickledcalabash": { "base": "expandedfoods:item/food/grain/breading/{type}-oiled" }
    },
    "*-raw": {
      "calabash": { "base": "expandedfoods:item/food/grain/breading/{type}-raw" },
      "pickledcalabash": { "base": "expandedfoods:item/food/grain/breading/{type}-raw" }
    }
  },

  "nutritionPropsByType": {
    "*-partbaked": { "satiety": 80, "foodcategory": "Vegetable" },
    "*-syruppartbaked": { "satiety": 80, "foodcategory": "Vegetable" },

    "*-cooked": { "satiety": 90, "foodcategory": "Vegetable" },
    "*-syrupv": { "satiety": 90, "foodcategory": "Vegetable" },

    "*-charred": { "satiety": 70, "foodcategory": "Vegetable" },
    "*-syrupcharred": { "satiety": 70, "foodcategory": "Vegetable" }

  },
  "creativeinventory": { "general": ["*"], "items": ["*"], "expandedfoods": ["*"] },
  "materialDensity": 600,
  "transitionablePropsByType": {
    "*-oiled": [{
      "type": "Perish",
      "freshHours": { "avg": 18 },
      "transitionHours": { "avg": 72 },
      "transitionedStack": { "type": "item", "code": "game:rot" },
      "transitionRatio": 1
    }
    ],
    "*-raw": [{
      "type": "Perish",
      "freshHours": { "avg": 18 },
      "transitionHours": { "avg": 72 },
      "transitionedStack": { "type": "item", "code": "game:rot" },
      "transitionRatio": 1
    }
    ],
    "*-partbaked": [{
      "type": "Perish",
      "freshHours": { "avg": 60 },
      "transitionHours": { "avg": 96 },
      "transitionedStack": { "type": "item", "code": "game:rot" },
      "transitionRatio": 1
    }],
    "*-cooked": [{
      "type": "Perish",
      "freshHours": { "avg": 60 },
      "transitionHours": { "avg": 96 },
      "transitionedStack": { "type": "item", "code": "game:rot" },
      "transitionRatio": 1

    }],
    "*-charred": [{
      "type": "Perish",
      "freshHours": { "avg": 120 },
      "transitionHours": { "avg": 192 },
      "transitionedStack": { "type": "item", "code": "game:rot" },
      "transitionRatio": 1
    }],
    "*-syruppartbaked": [{
      "type": "Perish",
      "freshHours": { "avg": 60 },
      "transitionHours": { "avg": 96 },
      "transitionedStack": { "type": "item", "code": "game:rot" },
      "transitionRatio": 1
    }],
    "*-syrupv": [{
      "type": "Perish",
      "freshHours": { "avg": 60 },
      "transitionHours": { "avg": 96 },
      "transitionedStack": { "type": "item", "code": "game:rot" },
      "transitionRatio": 1
    }],
    "*-syrupcharred": [{
      "type": "Perish",
      "freshHours": { "avg": 120 },
      "transitionHours": { "avg": 192 },
      "transitionedStack": { "type": "item", "code": "game:rot" },
      "transitionRatio": 1
    }]
  },
  "guiTransformByType": {
    "*-calabash-*": {
      "translation": { "x": 4, "y": 2, "z": 0 },
      "rotation": { "x": 42, "y": 39, "z": -8 },
      "origin": { "x": 1, "y": 0, "z": 1 },
      "scaleXyz": { "x": -2.17, "y": 2.17, "z": 2.17 }
    },
    "*-pickledcalabash-*": {
      "translation": { "x": 4, "y": 2, "z": 0 },
      "rotation": { "x": 42, "y": 39, "z": -8 },
      "origin": { "x": 1, "y": 0, "z": 1 },
      "scaleXyz": { "x": -2.17, "y": 2.17, "z": 2.17 }
    },
    "*-oiled": {
      "translation": { "x": -0.06, "y": 0.36, "z": 0.23 },
      "rotation": { "x": 0, "y": -81, "z": -35 },
      "origin": { "x": 0.5, "y": 0.1, "z": 0.5 },
      "scale": 3
    },
    "*-raw": {
      "translation": { "x": -0.06, "y": 0.36, "z": 0.23 },
      "rotation": { "x": 0, "y": -81, "z": -35 },
      "origin": { "x": 0.5, "y": 0.1, "z": 0.5 },
      "scale": 3
    },
    "*-syruppartbaked": {
      "translation": { "x": -0.06, "y": 0.36, "z": 0.23 },
      "rotation": { "x": 0, "y": -81, "z": -35 },
      "origin": { "x": 0.5, "y": 0.1, "z": 0.5 },
      "scale": 3
    },
    "*-syrupv": {
      "translation": { "x": -0.06, "y": 0.36, "z": 0.23 },
      "rotation": { "x": 0, "y": -81, "z": -35 },
      "origin": { "x": 0.5, "y": 0.1, "z": 0.5 },
      "scale": 3
    },
    "*-syrupcharred": {
      "translation": { "x": -0.06, "y": 0.36, "z": 0.23 },
      "rotation": { "x": 0, "y": -81, "z": -35 },
      "origin": { "x": 0.5, "y": 0.1, "z": 0.5 },
      "scale": 3
    },
    "*": {
      "translation": { "x": -0.06, "y": 0.36, "z": 0.23 },
      "rotation": { "x": 0, "y": 0, "z": 0 },
      "origin": { "x": 0, "y": 0, "z": 1 },
      "scale": 1.5
    }
  },
  "tpHandTransformByType": {
    "*-calabash-*": {
      "translation": { "x": -1.7, "y": -1.1, "z": -1.45 },
      "rotation": { "x": 0, "y": 26, "z": -180 },
      "origin": { "x": 0.3, "y": 0.3, "z": 0.7 },
      "scale": 0.34
    },
    "*-pickledcalabash-*": {
      "translation": { "x": -1.7, "y": -1.1, "z": -1.45 },
      "rotation": { "x": 0, "y": 26, "z": -180 },
      "origin": { "x": 0.3, "y": 0.3, "z": 0.7 },
      "scale": 0.34
    },
    "*-oiled": {
      "translation": { "x": 0.05, "y": -0.05, "z": 0.1 },
      "rotation": { "x": 1, "y": 9, "z": -11 },
      "origin": { "x": 0.21, "y": -0.2, "z": 0.15 },
      "scale": 1
    },
    "*-raw": {
      "translation": { "x": 0.05, "y": -0.05, "z": 0.1 },
      "rotation": { "x": 1, "y": 9, "z": -11 },
      "origin": { "x": 0.21, "y": -0.2, "z": 0.15 },
      "scale": 1
    },
    "*-syruppartbaked": {
      "translation": { "x": 0.05, "y": -0.05, "z": 0.1 },
      "rotation": { "x": 1, "y": 9, "z": -11 },
      "origin": { "x": 0.21, "y": -0.2, "z": 0.15 },
      "scale": 1
    },
    "*-syrupv": {
      "translation": { "x": 0.05, "y": -0.05, "z": 0.1 },
      "rotation": { "x": 1, "y": 9, "z": -11 },
      "origin": { "x": 0.21, "y": -0.2, "z": 0.15 },
      "scale": 1
    },
    "*-syrupcharred": {
      "translation": { "x": 0.05, "y": -0.05, "z": 0.1 },
      "rotation": { "x": 1, "y": 9, "z": -11 },
      "origin": { "x": 0.21, "y": -0.2, "z": 0.15 },
      "scale": 1
    },
    "*": {
      "translation": { "x": 0.05, "y": -0.05, "z": 0.1 },
      "rotation": { "x": 0, "y": 0, "z": -7 },
      "origin": { "x": 0.17, "y": -0.2, "z": 0.15 },
      "scale": 0.4
    }
  },
  "groundTransformByType": {
    "*-calabash-*": {
      "translation": { "x": 0, "y": 0.18, "z": 0 },
      "rotation": { "x": 1, "y": 0, "z": 0 },
      "origin": { "x": 0.5, "y": 0.22, "z": 0.5299 },
      "scale": 4
    },
    "*-pickledcalabash-*": {
      "translation": { "x": 0, "y": 0.18, "z": 0 },
      "rotation": { "x": 1, "y": 0, "z": 0 },
      "origin": { "x": 0.5, "y": 0.22, "z": 0.5299 },
      "scale": 4
    },
    "*": {
      "translation": { "x": 0, "y": 0, "z": 0 },
      "rotation": { "x": 180, "y": 33, "z": -180 },
      "origin": { "x": 0.5, "y": 0, "z": 0.5 },
      "scale": 1.5
    }
  },
  "combustiblePropsByType": {
    "breadedvegetable-*-*-raw": {
      "meltingPoint": 150,
      "meltingDuration": 30,
      "smeltedRatio": 1,
      "smeltingType": "cook",
      "smeltedStack": { "type": "item", "code": "breadedvegetable-{type}-{veggie}-charred" },
      "requiresContainer": false
    },
    "breadedvegetable-*-*-partbaked": {
      "meltingPoint": 150,
      "meltingDuration": 30,
      "smeltedRatio": 1,
      "smeltingType": "cook",
      "smeltedStack": { "type": "item", "code": "breadedvegetable-{type}-{veggie}-charred" },
      "requiresContainer": false
    },
    "breadedvegetable-*-*-cooked": {
      "meltingPoint": 150,
      "meltingDuration": 30,
      "smeltedRatio": 1,
      "smeltingType": "cook",
      "smeltedStack": { "type": "item", "code": "breadedvegetable-{type}-{veggie}-charred" },
      "requiresContainer": false
    },
    "breadedvegetable-*-*-oiled": {
      "meltingPoint": 150,
      "meltingDuration": 30,
      "smeltedRatio": 1,
      "smeltingType": "cook",
      "smeltedStack": { "type": "item", "code": "breadedvegetable-{type}-{veggie}-charred" },
      "requiresContainer": false
    },
    "breadedvegetable-*-*-syruppartbaked": {
      "meltingPoint": 150,
      "meltingDuration": 30,
      "smeltedRatio": 1,
      "smeltingType": "cook",
      "smeltedStack": { "type": "item", "code": "breadedvegetable-{type}-{veggie}-syrupcharred" },
      "requiresContainer": false
    },
    "breadedvegetable-*-*-syrupv": {
      "meltingPoint": 150,
      "meltingDuration": 30,
      "smeltedRatio": 1,
      "smeltingType": "cook",
      "smeltedStack": { "type": "item", "code": "breadedvegetable-{type}-{veggie}-syrupcharred" },
      "requiresContainer": false

    }
  }
}