{
	"textureWidth": 16,
	"textureHeight": 16,
	"textureSizes": {
		"tie": [32, 32],
		"calabash": [32, 32]
	},
	"textures": {
		"tie": "game:block/transparent"
	},
	"elements": [
		{
			"name": "calabashstrips",
			"rotationOrigin": [16, 8, 16],
			"from": [0, 0, 0],
			"to": [0, 0, 0],
			"parent": null,
			"faces": {
				"north": {
					"texture": "#",
					"uv": [0, 0, 0, 0]
				},
				"east": {
					"texture": "#",
					"uv": [0, 0, 0, 0]
				},
				"south": {
					"texture": "#",
					"uv": [0, 0, 0, 0]
				},
				"west": {
					"texture": "#",
					"uv": [0, 0, 0, 0]
				},
				"up": {
					"texture": "#",
					"uv": [0, 0, 0, 0]
				},
				"down": {
					"texture": "#",
					"uv": [0, 0, 0, 0]
				}
			},
			"children": [
				{
					"name": "origin",
					"rotationOrigin": [8, 0, 8],
					"from": [0, 0, 0],
					"to": [0, 0, 0],
					"parent": "flaxcalabash",
					"faces": {
						"north": {
							"texture": "#",
							"uv": [0, 0, 0, 0]
						},
						"east": {
							"texture": "#",
							"uv": [0, 0, 0, 0]
						},
						"south": {
							"texture": "#",
							"uv": [0, 0, 0, 0]
						},
						"west": {
							"texture": "#",
							"uv": [0, 0, 0, 0]
						},
						"up": {
							"texture": "#",
							"uv": [0, 0, 0, 0]
						},
						"down": {
							"texture": "#",
							"uv": [0, 0, 0, 0]
						}
					},
					"children": [
						{
							"name": "main",
							"rotationOrigin": [8, 0, 8],
							"from": [0, 0, 0],
							"to": [0, 0, 0],
							"parent": "origin",
							"faces": {
								"north": {
									"texture": "#",
									"uv": [0, 0, 0, 0]
								},
								"east": {
									"texture": "#",
									"uv": [0, 0, 0, 0]
								},
								"south": {
									"texture": "#",
									"uv": [0, 0, 0, 0]
								},
								"west": {
									"texture": "#",
									"uv": [0, 0, 0, 0]
								},
								"up": {
									"texture": "#",
									"uv": [0, 0, 0, 0]
								},
								"down": {
									"texture": "#",
									"uv": [0, 0, 0, 0]
								}
							},
							"children": [
								{
									"name": "tie1",
									"rotationOrigin": [8, 0, 8],
									"from": [0, 0, 0],
									"to": [0, 0, 0],
									"parent": "main",
									"faces": {
										"north": {
											"texture": "#",
											"uv": [0, 0, 0, 0]
										},
										"east": {
											"texture": "#",
											"uv": [0, 0, 0, 0]
										},
										"south": {
											"texture": "#",
											"uv": [0, 0, 0, 0]
										},
										"west": {
											"texture": "#",
											"uv": [0, 0, 0, 0]
										},
										"up": {
											"texture": "#",
											"uv": [0, 0, 0, 0]
										},
										"down": {
											"texture": "#",
											"uv": [0, 0, 0, 0]
										}
									},
									"children": [
										{
											"name": "loose0",
											"from": [16.3, 0.1, 17.2],
											"to": [16.8, 0.6, 19.2],
											"rotationOrigin": [16.8, 0.6, 17.2],
											"faces": {
												"north": {
													"texture": "#tie",
													"uv": [3.5, 3.5, 4, 4],
													"autoUv": false
												},
												"east": {
													"texture": "#tie",
													"uv": [7.5, 1, 9.5, 1.5],
													"autoUv": false
												},
												"south": {
													"texture": "#tie",
													"uv": [0, 13, 0.5, 13.5],
													"autoUv": false
												},
												"west": {
													"texture": "#tie",
													"uv": [7, 8.5, 9, 9],
													"autoUv": false
												},
												"up": {
													"texture": "#tie",
													"uv": [11, 12.5, 11.5, 14.5],
													"autoUv": false
												},
												"down": {
													"texture": "#tie",
													"uv": [4, 8.5, 4.5, 10.5],
													"autoUv": false
												}
											},
											"parent": "tie1",
											"rotationY": 6,
											"children": []
										},
										{
											"name": "tie11",
											"from": [16.3, 0.1, 14.3],
											"to": [16.8, 1, 17.2],
											"rotationOrigin": [16.5, 1.3, 16],
											"faces": {
												"north": {
													"texture": "#tie",
													"uv": [12.5, 10.5, 13, 11.5],
													"autoUv": false
												},
												"east": {
													"texture": "#tie",
													"uv": [12.5, 12.5, 14.5, 13.5],
													"autoUv": false
												},
												"south": {
													"texture": "#tie",
													"uv": [13.5, 6, 14, 7],
													"autoUv": false
												},
												"west": {
													"texture": "#tie",
													"uv": [4.5, 7.5, 6.5, 8.5],
													"autoUv": false
												},
												"up": {
													"texture": "#tie",
													"uv": [3, 13.5, 3.5, 15.5],
													"autoUv": false
												},
												"down": {
													"texture": "#tie",
													"uv": [3, 1, 3.5, 3],
													"autoUv": false
												}
											},
											"parent": "tie1",
											"rotationY": 6,
											"children": []
										}
									]
								},
								{
									"name": "bone",
									"rotationOrigin": [16, 0.8, 14.5],
									"from": [0, 0, 0],
									"to": [0, 0, 0],
									"parent": "main",
									"faces": {
										"north": {
											"texture": "#",
											"uv": [0, 0, 0, 0]
										},
										"east": {
											"texture": "#",
											"uv": [0, 0, 0, 0]
										},
										"south": {
											"texture": "#",
											"uv": [0, 0, 0, 0]
										},
										"west": {
											"texture": "#",
											"uv": [0, 0, 0, 0]
										},
										"up": {
											"texture": "#",
											"uv": [0, 0, 0, 0]
										},
										"down": {
											"texture": "#",
											"uv": [0, 0, 0, 0]
										}
									},
									"children": [
										{
											"name": "main6",
											"from": [14.80639, 0.2125, 14.51485],
											"to": [17.52096, 0.605, 15.53798],
											"rotationOrigin": [16, 0.8, 14.5],
											"faces": {
												"north": {
													"texture": "#calabash",
													"uv": [11, 1.5, 12, 5.5],
													"autoUv": false
												},
												"east": {
													"texture": "#calabash",
													"uv": [10.5, 13, 12.5, 14],
													"autoUv": false
												},
												"south": {
													"texture": "#calabash",
													"uv": [10, 1, 11, 5],
													"autoUv": false
												},
												"west": {
													"texture": "#calabash",
													"uv": [3.5, 2, 5.5, 3],
													"autoUv": false
												},
												"up": {
													"texture": "#calabash",
													"uv": [7.5, 3, 9.5, 7],
													"autoUv": false
												},
												"down": {
													"texture": "#calabash",
													"uv": [13, 6.5, 15, 10.5],
													"autoUv": false
												}
											},
											"parent": "bone",
											"children": []
										},
										{
											"name": "main7",
											"from": [14, 0.0875, 16.01485],
											"to": [17.52096, 0.65, 17],
											"rotationOrigin": [16, 0.8, 16],
											"faces": {
												"north": {
													"texture": "#calabash",
													"uv": [11, 1.5, 12, 5.5],
													"autoUv": false
												},
												"east": {
													"texture": "#calabash",
													"uv": [10.5, 13, 12.5, 14],
													"autoUv": false
												},
												"south": {
													"texture": "#calabash",
													"uv": [10, 1, 11, 5],
													"autoUv": false
												},
												"west": {
													"texture": "#calabash",
													"uv": [3.5, 2, 5.5, 3],
													"autoUv": false
												},
												"up": {
													"texture": "#calabash",
													"uv": [7.5, 3, 9.5, 7],
													"autoUv": false
												},
												"down": {
													"texture": "#calabash",
													"uv": [13, 6.5, 15, 10.5],
													"autoUv": false
												}
											},
											"parent": "bone",
											"children": []
										},
										{
											"name": "loopW58",
											"from": [9.2, 0.05, 17.4],
											"to": [12.2, 0.7, 18.4],
											"rotationOrigin": [12.2, 0.8, 17.9],
											"faces": {
												"north": {
													"texture": "#calabash",
													"uv": [4, 4.5, 5.5, 7.5],
													"autoUv": false
												},
												"east": {
													"texture": "#calabash",
													"uv": [14, 11, 15, 12.5],
													"autoUv": false
												},
												"south": {
													"texture": "#calabash",
													"uv": [0.5, 2.5, 2, 5.5],
													"autoUv": false
												},
												"west": {
													"texture": "#calabash",
													"uv": [0.5, 12, 1.5, 13.5],
													"autoUv": false
												},
												"up": {
													"texture": "#calabash",
													"uv": [10, 3, 11, 6],
													"autoUv": false
												},
												"down": {
													"texture": "#calabash",
													"uv": [12.5, 1, 13.5, 4],
													"autoUv": false
												}
											},
											"parent": "bone",
											"rotationY": -36,
											"children": []
										},
										{
											"name": "loopW29",
											"from": [11.85061, 0.1625, 14.53452],
											"to": [14.85061, 0.6125, 15.53452],
											"rotationOrigin": [14.85061, 0.7625, 15.03452],
											"faces": {
												"north": {
													"texture": "#calabash",
													"uv": [2.5, 3, 3.5, 6],
													"autoUv": false
												},
												"east": {
													"texture": "#calabash",
													"uv": [9, 13, 10, 14],
													"autoUv": false
												},
												"south": {
													"texture": "#calabash",
													"uv": [3, 1.5, 4, 4.5],
													"autoUv": false
												},
												"west": {
													"texture": "#calabash",
													"uv": [10.5, 0, 11.5, 1],
													"autoUv": false
												},
												"up": {
													"texture": "#calabash",
													"uv": [12, 6, 13, 9],
													"autoUv": false
												},
												"down": {
													"texture": "#calabash",
													"uv": [6.5, 0, 7.5, 3],
													"autoUv": false
												}
											},
											"parent": "bone",
											"rotationY": -4.5,
											"children": []
										},
										{
											"name": "loopW310",
											"from": [11.4, 0.075, 15.89126],
											"to": [14.24251, 0.65, 17],
											"rotationOrigin": [14.4, 0.8, 16.5],
											"faces": {
												"north": {
													"texture": "#calabash",
													"uv": [13.5, 10, 14.5, 13],
													"autoUv": false
												},
												"east": {
													"texture": "#calabash",
													"uv": [10, 6, 11, 7],
													"autoUv": false
												},
												"south": {
													"texture": "#calabash",
													"uv": [6, 0.5, 7, 3.5],
													"autoUv": false
												},
												"west": {
													"texture": "#calabash",
													"uv": [7.5, 9.5, 8.5, 10.5],
													"autoUv": false
												},
												"up": {
													"texture": "#calabash",
													"uv": [7, 4.5, 8, 7.5],
													"autoUv": false
												},
												"down": {
													"texture": "#calabash",
													"uv": [14, 2.5, 15, 5.5],
													"autoUv": false
												}
											},
											"parent": "bone",
											"rotationY": 25,
											"children": []
										},
										{
											"name": "loopE311",
											"from": [17.4, 0.1125, 16],
											"to": [20.4, 0.65, 17],
											"rotationOrigin": [17.4, 0.8, 16.5],
											"faces": {
												"north": {
													"texture": "#calabash",
													"uv": [13, 2, 14, 5],
													"autoUv": false
												},
												"east": {
													"texture": "#calabash",
													"uv": [7.5, 4.5, 8.5, 5.5],
													"autoUv": false
												},
												"south": {
													"texture": "#calabash",
													"uv": [0, 1, 1, 4],
													"autoUv": false
												},
												"west": {
													"texture": "#calabash",
													"uv": [13, 1, 14, 2],
													"autoUv": false
												},
												"up": {
													"texture": "#calabash",
													"uv": [12, 8.5, 13, 11.5],
													"autoUv": false
												},
												"down": {
													"texture": "#calabash",
													"uv": [1, 12.5, 2, 15.5],
													"autoUv": false
												}
											},
											"parent": "bone",
											"rotationY": -14,
											"children": []
										},
										{
											"name": "loopW312",
											"from": [11.7, 0.175, 14.7],
											"to": [12.7, 0.55, 17.7],
											"rotationOrigin": [12.2, 0.8, 14.7],
											"faces": {
												"north": {
													"texture": "#calabash",
													"uv": [13, 12, 14, 13],
													"autoUv": false
												},
												"east": {
													"texture": "#calabash",
													"uv": [12.5, 11, 13.5, 14],
													"autoUv": false
												},
												"south": {
													"texture": "#calabash",
													"uv": [4, 6.5, 5, 7.5],
													"autoUv": false
												},
												"west": {
													"texture": "#calabash",
													"uv": [3.5, 12, 4.5, 15],
													"autoUv": false
												},
												"up": {
													"texture": "#calabash",
													"uv": [11.5, 6, 12.5, 9],
													"autoUv": false
												},
												"down": {
													"texture": "#calabash",
													"uv": [1.5, 5, 2.5, 8],
													"autoUv": false
												}
											},
											"parent": "bone",
											"rotationY": -53,
											"children": []
										},
										{
											"name": "loopE213",
											"from": [17.40028, 0.2, 14.51462],
											"to": [20.6, 0.6075, 15.50398],
											"rotationOrigin": [17.6, 0.8, 14.85],
											"faces": {
												"north": {
													"texture": "#calabash",
													"uv": [0, 7.5, 1, 10.5],
													"autoUv": false
												},
												"east": {
													"texture": "#calabash",
													"uv": [2.5, 6.5, 3.5, 7.5],
													"autoUv": false
												},
												"south": {
													"texture": "#calabash",
													"uv": [12, 2.5, 13, 5.5],
													"autoUv": false
												},
												"west": {
													"texture": "#calabash",
													"uv": [3.5, 0.5, 4.5, 1.5],
													"autoUv": false
												},
												"up": {
													"texture": "#calabash",
													"uv": [4, 3, 5, 6],
													"autoUv": false
												},
												"down": {
													"texture": "#calabash",
													"uv": [6, 11, 7, 14],
													"autoUv": false
												}
											},
											"parent": "bone",
											"rotationY": 9.5,
											"children": []
										}
									]
								},
								{
									"name": "tie22",
									"from": [15, 0.2, 13.85],
									"to": [15.5, 0.9625, 17.2],
									"rotationOrigin": [15.2, 1.4, 16],
									"faces": {
										"north": {
											"texture": "#tie",
											"uv": [2, 9.5, 2.5, 10.5],
											"autoUv": false
										},
										"east": {
											"texture": "#tie",
											"uv": [7.5, 12.5, 9.5, 13.5],
											"autoUv": false
										},
										"south": {
											"texture": "#tie",
											"uv": [7, 5.5, 7.5, 6.5],
											"autoUv": false
										},
										"west": {
											"texture": "#tie",
											"uv": [0.5, 14.5, 2.5, 15.5],
											"autoUv": false
										},
										"up": {
											"texture": "#tie",
											"uv": [10.5, 13.5, 11, 15.5],
											"autoUv": false
										},
										"down": {
											"texture": "#tie",
											"uv": [9, 2, 9.5, 4],
											"autoUv": false
										}
									},
									"parent": "main",
									"rotationY": -30,
									"children": []
								},
								{
									"name": "tie33",
									"from": [15.9, 0, 14.2],
									"to": [16.4, 1.0125, 17.2],
									"rotationOrigin": [16.1, 1.2, 16],
									"faces": {
										"north": {
											"texture": "#tie",
											"uv": [13, 10, 13.5, 11],
											"autoUv": false
										},
										"east": {
											"texture": "#tie",
											"uv": [3, 4.5, 5, 5.5],
											"autoUv": false
										},
										"south": {
											"texture": "#tie",
											"uv": [3, 8.5, 3.5, 9.5],
											"autoUv": false
										},
										"west": {
											"texture": "#tie",
											"uv": [5, 13.5, 7, 14.5],
											"autoUv": false
										},
										"up": {
											"texture": "#tie",
											"uv": [6, 11, 6.5, 13],
											"autoUv": false
										},
										"down": {
											"texture": "#tie",
											"uv": [5, 1.5, 5.5, 3.5],
											"autoUv": false
										}
									},
									"parent": "main",
									"rotationY": -17,
									"children": []
								},
								{
									"name": "tie44",
									"from": [16.9, 0, 14.2875],
									"to": [17.4, 0.825, 17.2],
									"rotationOrigin": [17.1, 1.2, 16],
									"faces": {
										"north": {
											"texture": "#tie",
											"uv": [2.5, 13, 3, 14],
											"autoUv": false
										},
										"east": {
											"texture": "#tie",
											"uv": [9, 8.5, 11, 9.5],
											"autoUv": false
										},
										"south": {
											"texture": "#tie",
											"uv": [0.5, 8.5, 1, 9.5],
											"autoUv": false
										},
										"west": {
											"texture": "#tie",
											"uv": [13.5, 5.5, 15.5, 6.5],
											"autoUv": false
										},
										"up": {
											"texture": "#tie",
											"uv": [0.5, 8, 1, 10],
											"autoUv": false
										},
										"down": {
											"texture": "#tie",
											"uv": [8.5, 5, 9, 7],
											"autoUv": false
										}
									},
									"parent": "main",
									"rotationY": -11,
									"children": []
								},
								{
									"name": "tie55",
									"from": [15.1, 0.1, 14.325],
									"to": [15.6, 0.7875, 17.2],
									"rotationOrigin": [15.3, 1.3, 16],
									"faces": {
										"north": {
											"texture": "#tie",
											"uv": [3, 12.5, 3.5, 13.5],
											"autoUv": false
										},
										"east": {
											"texture": "#tie",
											"uv": [10, 1, 12, 2],
											"autoUv": false
										},
										"south": {
											"texture": "#tie",
											"uv": [13.5, 0, 14, 1],
											"autoUv": false
										},
										"west": {
											"texture": "#tie",
											"uv": [1.5, 9.5, 3.5, 10.5],
											"autoUv": false
										},
										"up": {
											"texture": "#tie",
											"uv": [9, 0.5, 9.5, 2.5],
											"autoUv": false
										},
										"down": {
											"texture": "#tie",
											"uv": [2, 4, 2.5, 6],
											"autoUv": false
										}
									},
									"parent": "main",
									"rotationY": 22,
									"children": []
								}
							]
						}
					]
				}
			]
		}
	],
	"animations": []
}